name,datetime,temp,humidity,precip,windgust,windspeed,winddir,sealevelpressure,cloudcover,visibility,stations,source
"Talisay, Daanbantayan, Cebu",2026-01-01T00:00:00,26.6,88.8,0.8,14.8,12.6,49.4,1008,100,,remote,obs
"Talisay, Daanbantayan, Cebu",2026-01-01T01:00:00,26.7,87.23,0.2,15.5,11.9,47.7,1008,98.1,,remote,obs
"Talisay, Daanbantayan, Cebu",2026-01-01T02:00:00,26.7,87.23,0.2,16.6,11.5,45,1007,99.5,,remote,obs
"Talisay, Daanbantayan, Cebu",2026-01-01T03:00:00,26.3,88.78,0.5,17.3,11.2,43.4,1007,99,,remote,obs
"Talisay, Daanbantayan, Cebu",2026-01-01T04:00:00,26.1,89.83,0.2,17.6,11.2,45,1008,98.4,,remote,obs
"Talisay, Daanbantayan, Cebu",2026-01-01T05:00:00,26.2,88.77,0.3,17.3,10.8,49.3,1008,99.5,,remote,obs
"Talisay, Daanbantayan, Cebu",2026-01-01T06:00:00,26.9,86.21,0.3,18,10.4,52.3,1008,98.1,,remote,obs
"Talisay, Daanbantayan, Cebu",2026-01-01T07:00:00,26.9,86.21,0.2,19.1,11.2,62.5,1009,98.5,,remote,obs
"Talisay, Daanbantayan, Cebu",2026-01-01T08:00:00,27.1,85.71,0.2,19.4,10.4,61.3,1010,98,,remote,obs
"Talisay, Daanbantayan, Cebu",2026-01-01T09:00:00,27.2,85.21,0.1,19.1,10.1,55,1010,95.6,,remote,obs
"Talisay, Daanbantayan, Cebu",2026-01-01T10:00:00,27.3,84.21,0.1,18,8.6,47.7,1011,95.1,,remote,obs
"Talisay, Daanbantayan, Cebu",2026-01-01T11:00:00,27.5,82.73,0.1,16.2,7.6,38.4,1010,94.4,,remote,obs
"Talisay, Daanbantayan, Cebu",2026-01-01T12:00:00,27.6,81.75,0,14.4,7.9,33.9,1009,96.3,,remote,obs
"Talisay, Daanbantayan, Cebu",2026-01-01T13:00:00,27.7,80.79,0,14,7.2,26.6,1008,90.5,,remote,obs
"Talisay, Daanbantayan, Cebu",2026-01-01T14:00:00,27.8,80.32,0,12.6,7.6,353,1007,96.8,,remote,obs
"Talisay, Daanbantayan, Cebu",2026-01-01T15:00:00,27.9,79.85,0,15.1,9.4,344.6,1007,95.4,,remote,obs
"Talisay, Daanbantayan, Cebu",2026-01-01T16:00:00,27.9,79.38,0,15.1,9,341.9,1008,100,,remote,obs
"Talisay, Daanbantayan, Cebu",2026-01-01T17:00:00,28,79.87,0,15.8,11.9,353.7,1008,99,,remote,obs
"Talisay, Daanbantayan, Cebu",2026-01-01T18:00:00,27.8,81.78,0,17.3,12.6,358.4,1008,99,,remote,obs
"Talisay, Daanbantayan, Cebu",2026-01-01T19:00:00,27.9,81.3,0,20.2,14,1,1009,98.1,,remote,obs
"Talisay, Daanbantayan, Cebu",2026-01-01T20:00:00,27.9,81.79,0,20.5,15.1,11.2,1009,98,,remote,obs
"Talisay, Daanbantayan, Cebu",2026-01-01T21:00:00,27.6,81.75,0.2,22.7,16.6,23.1,1010,97,,remote,obs
"Talisay, Daanbantayan, Cebu",2026-01-01T22:00:00,26.9,84.67,1.3,23.4,15.5,31.8,1010,100,,remote,obs
"Talisay, Daanbantayan, Cebu",2026-01-01T23:00:00,26.6,86.18,1.2,20.9,15.8,41.8,1010,99.5,,remote,obs
"Talisay, Daanbantayan, Cebu",2026-01-02T00:00:00,26.1,89.3,1.8,17.3,16.9,38.7,1010,98.1,,remote,obs
"Talisay, Daanbantayan, Cebu",2026-01-02T01:00:00,25.8,90.35,1.9,15.1,14.4,25.1,1010,99.1,,remote,obs
"Talisay, Daanbantayan, Cebu",2026-01-02T02:00:00,26,87.69,0.9,14.4,14,35.4,1009,100,,remote,obs
"Talisay, Daanbantayan, Cebu",2026-01-02T03:00:00,26.1,85.61,0.6,20.5,13,34.2,1009,99,,remote,obs
"Talisay, Daanbantayan, Cebu",2026-01-02T04:00:00,25.9,87.69,0.6,19.1,10.4,40.6,1010,100,,remote,obs
"Talisay, Daanbantayan, Cebu",2026-01-02T05:00:00,25.9,87.16,0.7,18.7,11.2,35.1,1009,100,,remote,obs
"Talisay, Daanbantayan, Cebu",2026-01-02T06:00:00,26.3,86.67,0.3,20.9,13,20.4,1010,98.7,,remote,obs
"Talisay, Daanbantayan, Cebu",2026-01-02T07:00:00,26.4,86.16,0.2,21.2,14,21.8,1010,97.3,,remote,obs
"Talisay, Daanbantayan, Cebu",2026-01-02T08:00:00,26.4,86.68,0.5,19.8,16.2,30.7,1011,97.2,,remote,obs
"Talisay, Daanbantayan, Cebu",2026-01-02T09:00:00,26.2,88.24,0.8,18.4,17.6,33.5,1011,92.9,,remote,obs
"Talisay, Daanbantayan, Cebu",2026-01-02T10:00:00,26.3,87.72,0.2,17.6,18.7,36.5,1011,92.5,,remote,obs
"Talisay, Daanbantayan, Cebu",2026-01-02T11:00:00,26.4,86.68,0.2,17.6,18.7,37.6,1011,89.2,,remote,obs
"Talisay, Daanbantayan, Cebu",2026-01-02T12:00:00,26.7,84.65,0,19.4,17.3,32.8,1011,97,,remote,obs
"Talisay, Daanbantayan, Cebu",2026-01-02T13:00:00,26.9,83.66,0,20.2,15.1,23.8,1009,97.4,,remote,obs
"Talisay, Daanbantayan, Cebu",2026-01-02T14:00:00,27.1,82.68,0,20.2,15.5,17,1009,96.4,,remote,obs
"Talisay, Daanbantayan, Cebu",2026-01-02T15:00:00,27.3,81.72,0.1,22.3,16.6,19.8,1009,99.7,,remote,obs
"Talisay, Daanbantayan, Cebu",2026-01-02T16:00:00,27.4,81.73,0.2,24.1,17.3,31.5,1009,96.9,,remote,obs
"Talisay, Daanbantayan, Cebu",2026-01-02T17:00:00,26.6,85.15,0.3,25.6,18.7,38.6,1010,100,,remote,obs
"Talisay, Daanbantayan, Cebu",2026-01-02T18:00:00,26.3,88.25,1.1,26.3,16.9,31.2,1010,100,,remote,obs
"Talisay, Daanbantayan, Cebu",2026-01-02T19:00:00,26.1,88.23,1.9,26.3,14.8,29.5,1011,99.5,,remote,obs
"Talisay, Daanbantayan, Cebu",2026-01-02T20:00:00,26.5,86.17,0.6,25.2,17.3,19.9,1012,100,,remote,obs
"Talisay, Daanbantayan, Cebu",2026-01-02T21:00:00,26.7,82.64,0.3,24.5,19.8,22.3,1012,99.1,,remote,obs
"Talisay, Daanbantayan, Cebu",2026-01-02T22:00:00,26.7,83.14,0.9,24.8,19.4,21.6,1013,100,,remote,obs
"Talisay, Daanbantayan, Cebu",2026-01-02T23:00:00,26.8,82.65,0.5,23,18,21.4,1013,99.5,,remote,obs
"Talisay, Daanbantayan, Cebu",2026-01-03T00:00:00,26.4,85.13,1.1,22,18,23,1012,99.4,,remote,obs
"Talisay, Daanbantayan, Cebu",2026-01-03T01:00:00,26.4,84.62,0.6,23,19.1,23.8,1012,100,,remote,obs
"Talisay, Daanbantayan, Cebu",2026-01-03T02:00:00,26.7,82.14,0.3,26.3,20.5,26.9,1011,98.5,,remote,obs
"Talisay, Daanbantayan, Cebu",2026-01-03T03:00:00,26.4,84.11,0.5,30.2,22.3,29,1011,100,,remote,obs
"Talisay, Daanbantayan, Cebu",2026-01-03T04:00:00,26.5,83.62,0.2,34.6,25.9,32.6,1011,99,,remote,obs
"Talisay, Daanbantayan, Cebu",2026-01-03T05:00:00,26.9,81.18,0.1,38.2,30.2,35.8,1011,99.5,,remote,obs
"Talisay, Daanbantayan, Cebu",2026-01-03T06:00:00,27,80.22,0.1,40.3,28.4,33.9,1010,98.2,,remote,obs
"Talisay, Daanbantayan, Cebu",2026-01-03T07:00:00,27.1,79.27,0.1,40.3,27,31.5,1011,99.1,,remote,obs
"Talisay, Daanbantayan, Cebu",2026-01-03T08:00:00,27.1,79.75,0.1,39.2,27,28.6,1012,99.4,,remote,obs
"Talisay, Daanbantayan, Cebu",2026-01-03T09:00:00,27.1,80.71,0.1,39.2,26.3,28.5,1012,100,,remote,obs
"Talisay, Daanbantayan, Cebu",2026-01-03T10:00:00,27.2,80.73,0.1,38.9,26.6,31.1,1013,100,,remote,obs
"Talisay, Daanbantayan, Cebu",2026-01-03T11:00:00,27.2,80.73,0.1,38.2,26.6,29.6,1012,99.6,,remote,obs
"Talisay, Daanbantayan, Cebu",2026-01-03T12:00:00,27.3,79.77,0.1,37.8,26.3,25.4,1012,99,,remote,obs
"Talisay, Daanbantayan, Cebu",2026-01-03T13:00:00,27.2,80.24,0.2,37.4,26.6,25.8,1010,99.6,,remote,obs
"Talisay, Daanbantayan, Cebu",2026-01-03T14:00:00,27,82.17,0.3,36.7,28.1,31.4,1010,98.2,,remote,obs
"Talisay, Daanbantayan, Cebu",2026-01-03T15:00:00,26.9,84.16,0.9,39.2,28.1,37.3,1009,99.5,,remote,obs
"Talisay, Daanbantayan, Cebu",2026-01-03T16:00:00,26.8,85.17,0.9,38.9,26.6,39.1,1009,98.1,,remote,obs
"Talisay, Daanbantayan, Cebu",2026-01-03T17:00:00,26.9,84.67,1.4,37.4,26.6,43.5,1010,97.5,,remote,obs
"Talisay, Daanbantayan, Cebu",2026-01-03T18:00:00,26.5,86.69,1.4,38.9,26.3,26.8,1010,100,,remote,obs
"Talisay, Daanbantayan, Cebu",2026-01-03T19:00:00,26.7,83.64,1.2,41.4,31,40.8,1010,100,,remote,obs
"Talisay, Daanbantayan, Cebu",2026-01-03T20:00:00,26.9,82.66,0.8,41.8,33.5,48.1,1011,99.6,,remote,obs
"Talisay, Daanbantayan, Cebu",2026-01-03T21:00:00,27,81.68,0.5,42.1,34.9,53.6,1012,100,,remote,obs
"Talisay, Daanbantayan, Cebu",2026-01-03T22:00:00,26.6,84.13,0.4,41.8,33.8,57.1,1012,100,,remote,obs
"Talisay, Daanbantayan, Cebu",2026-01-03T23:00:00,26.4,86.16,0.6,40.7,32,57.4,1012,100,,remote,obs
"Talisay, Daanbantayan, Cebu",2026-01-04T00:00:00,26.4,86.16,0.7,40.7,30.2,55.9,1011,100,,remote,obs
"Talisay, Daanbantayan, Cebu",2026-01-04T01:00:00,26.6,84.13,0.5,42.8,31.3,54,1011,100,,remote,obs
"Talisay, Daanbantayan, Cebu",2026-01-04T02:00:00,26.5,84.12,0.4,42.5,32,55,1010,100,,remote,obs
"Talisay, Daanbantayan, Cebu",2026-01-04T03:00:00,26.6,83.63,9.4,51.8,36.4,63.1,1010,100,,remote,obs
"Talisay, Daanbantayan, Cebu",2026-01-04T04:00:00,26.6,83.63,7.7,52.6,39.6,66.5,1010,100,,remote,obs
"Talisay, Daanbantayan, Cebu",2026-01-04T05:00:00,26.6,83.12,3.9,52.9,40.3,64.1,1011,100,,remote,obs
"Talisay, Daanbantayan, Cebu",2026-01-04T06:00:00,26.5,84.12,1.9,54.7,37.4,32.4,1012,100,,remote,obs
"Talisay, Daanbantayan, Cebu",2026-01-04T07:00:00,26.6,83.63,1,56.5,41.4,34.3,1012,100,,remote,obs
"Talisay, Daanbantayan, Cebu",2026-01-04T08:00:00,26.6,84.13,0.8,56.9,45.4,36.9,1013,100,,remote,obs
"Talisay, Daanbantayan, Cebu",2026-01-04T09:00:00,26.7,83.14,0.6,56.5,46.8,38.2,1013,100,,remote,obs
"Talisay, Daanbantayan, Cebu",2026-01-04T10:00:00,26.9,82.16,0.4,55.4,45.7,35.6,1013,100,,remote,obs
"Talisay, Daanbantayan, Cebu",2026-01-04T11:00:00,26.9,81.67,0.5,52.2,43.2,32.2,1013,100,,remote,obs
"Talisay, Daanbantayan, Cebu",2026-01-04T12:00:00,26.6,84.64,0.7,50.8,42.5,30,1012,100,,remote,obs
"Talisay, Daanbantayan, Cebu",2026-01-04T13:00:00,26.6,84.64,0.7,48.2,43.9,29.5,1011,100,,remote,obs
"Talisay, Daanbantayan, Cebu",2026-01-04T14:00:00,26.8,83.15,0.6,45,45,28.6,1010,100,,remote,obs
"Talisay, Daanbantayan, Cebu",2026-01-04T15:00:00,26.9,81.67,3.8,64.1,47.9,29.9,1010,100,,remote,obs
"Talisay, Daanbantayan, Cebu",2026-01-04T16:00:00,27,79.73,4.3,65.5,46.1,30.6,1011,100,,remote,obs
"Talisay, Daanbantayan, Cebu",2026-01-04T17:00:00,26.8,81.16,4.3,64.1,45.4,31.2,1011,100,,remote,obs
"Talisay, Daanbantayan, Cebu",2026-01-04T18:00:00,26.6,82.62,3.5,62.3,33.5,35.9,1011,100,,remote,obs
"Talisay, Daanbantayan, Cebu",2026-01-04T19:00:00,26.5,84.12,2.6,60.8,33.5,40.5,1012,100,,remote,obs
"Talisay, Daanbantayan, Cebu",2026-01-04T20:00:00,26.4,85.64,1.7,59.4,36.4,37.4,1013,100,,remote,obs
"Talisay, Daanbantayan, Cebu",2026-01-04T21:00:00,26.2,87.71,1.2,58.3,38.5,36.6,1013,100,,remote,obs
"Talisay, Daanbantayan, Cebu",2026-01-04T22:00:00,26.3,87.72,1.3,54,42.5,38.5,1012,100,,remote,obs
"Talisay, Daanbantayan, Cebu",2026-01-04T23:00:00,26.5,84.63,1.7,49.7,40.3,37.9,1012,100,,remote,obs
"Talisay, Daanbantayan, Cebu",2026-01-05T00:00:00,26.5,84.63,1.6,50,35.3,34.9,1013,100,,remote,obs
"Talisay, Daanbantayan, Cebu",2026-01-05T01:00:00,26.4,85.13,1.1,49.7,36,31.7,1012,100,,remote,obs
"Talisay, Daanbantayan, Cebu",2026-01-05T02:00:00,26.2,86.14,0.8,47.9,36.4,27.3,1011,100,,remote,obs
"Talisay, Daanbantayan, Cebu",2026-01-05T03:00:00,26.4,84.11,0.5,48.6,34.9,23.5,1010,100,,remote,obs
"Talisay, Daanbantayan, Cebu",2026-01-05T04:00:00,26.7,83.14,0.6,47.2,33.5,22,1010,100,,remote,obs
"Talisay, Daanbantayan, Cebu",2026-01-05T05:00:00,26.9,83.16,0.2,47.2,34.9,23.5,1010,100,,remote,obs
"Talisay, Daanbantayan, Cebu",2026-01-05T06:00:00,26.5,84.12,0.2,49,37.8,26.7,1011,100,,remote,obs
"Talisay, Daanbantayan, Cebu",2026-01-05T07:00:00,26.8,81.66,0.3,50.8,38.9,28.8,1011,100,,remote,obs
"Talisay, Daanbantayan, Cebu",2026-01-05T08:00:00,26.8,83.15,0.4,50.4,38.2,31.4,1012,100,,remote,obs
"Talisay, Daanbantayan, Cebu",2026-01-05T09:00:00,26.7,84.14,0.6,46.8,34.9,35.6,1012,100,,remote,obs
"Talisay, Daanbantayan, Cebu",2026-01-05T10:00:00,26.4,87.2,1.3,42.8,32.8,36.3,1012,100,,remote,obs
"Talisay, Daanbantayan, Cebu",2026-01-05T11:00:00,26.4,86.68,1.5,36.7,28.1,30.8,1011,100,,remote,obs
"Talisay, Daanbantayan, Cebu",2026-01-05T12:00:00,26.2,87.19,1.3,31.7,25.2,21.1,1011,100,,remote,obs
"Talisay, Daanbantayan, Cebu",2026-01-05T13:00:00,26.5,84.12,0.5,28.8,22.3,17.8,1010,96.9,,remote,obs
"Talisay, Daanbantayan, Cebu",2026-01-05T14:00:00,26.7,83.64,0.1,28.4,18.4,21.2,1009,96.4,,remote,obs
"Talisay, Daanbantayan, Cebu",2026-01-05T15:00:00,26.9,83.16,0.1,24.1,16.6,31.9,1009,98.1,,remote,obs
"Talisay, Daanbantayan, Cebu",2026-01-05T16:00:00,27.1,82.19,0,22.3,16.9,43.3,1009,96.1,,remote,obs
"Talisay, Daanbantayan, Cebu",2026-01-05T17:00:00,27.1,82.19,0,24.1,18,57.6,1009,94.4,,remote,obs
"Talisay, Daanbantayan, Cebu",2026-01-05T18:00:00,27.4,84.22,0,26.3,21.2,64.5,1010,96.8,,remote,obs
"Talisay, Daanbantayan, Cebu",2026-01-05T19:00:00,27.6,83.24,0,25.9,16.6,62.5,1011,96.7,,remote,obs
"Talisay, Daanbantayan, Cebu",2026-01-05T20:00:00,27.7,82.75,0,22.3,13.7,51.4,1012,89,,remote,obs
"Talisay, Daanbantayan, Cebu",2026-01-05T21:00:00,27.5,82.73,0.2,17.6,15.5,49.5,1012,89.1,,remote,obs
"Talisay, Daanbantayan, Cebu",2026-01-05T22:00:00,27.3,83.7,0.2,18.7,17.6,51.5,1012,79.3,,remote,obs
"Talisay, Daanbantayan, Cebu",2026-01-05T23:00:00,27.4,83.22,0,21.6,18.7,53.5,1012,76.1,,remote,obs
"Talisay, Daanbantayan, Cebu",2026-01-06T00:00:00,27.3,83.7,0,22,20.2,57,1011,52.6,,remote,obs
"Talisay, Daanbantayan, Cebu",2026-01-06T01:00:00,27.2,83.69,0,21.6,19.8,55.9,1011,38.8,,remote,obs
"Talisay, Daanbantayan, Cebu",2026-01-06T02:00:00,27,83.17,0.3,20.5,19.4,60,1010,28.8,,remote,obs
"Talisay, Daanbantayan, Cebu",2026-01-06T03:00:00,26.5,85.65,0.3,25.2,17.6,65,1010,47.2,,remote,obs
"Talisay, Daanbantayan, Cebu",2026-01-06T04:00:00,26.3,86.15,0.5,23.4,15.8,69.5,1010,60.4,,remote,obs
"Talisay, Daanbantayan, Cebu",2026-01-06T05:00:00,26.4,86.16,0.5,22,15.5,66,1010,84.9,,remote,obs
"Talisay, Daanbantayan, Cebu",2026-01-06T06:00:00,26.8,85.17,0.4,23.8,15.1,35.8,1010,95.4,,remote,obs
"Talisay, Daanbantayan, Cebu",2026-01-06T07:00:00,26.8,85.68,0.3,23.8,15.5,34.6,1011,81,,remote,obs
"Talisay, Daanbantayan, Cebu",2026-01-06T08:00:00,26.9,85.69,0.1,22.7,18.4,32.5,1012,52.9,,remote,obs
"Talisay, Daanbantayan, Cebu",2026-01-06T09:00:00,27,85.19,0.1,21.6,21.2,34.9,1012,54.5,,remote,obs
"Talisay, Daanbantayan, Cebu",2026-01-06T10:00:00,27,84.68,0.2,22.3,23.4,39.1,1012,81.2,,remote,obs
"Talisay, Daanbantayan, Cebu",2026-01-06T11:00:00,26.8,85.68,0.3,22.7,23.4,39.3,1012,81.6,,remote,obs
"Talisay, Daanbantayan, Cebu",2026-01-06T12:00:00,26.7,86.19,0.2,21.6,22.3,35.6,1011,79.8,,remote,obs
"Talisay, Daanbantayan, Cebu",2026-01-06T13:00:00,26.7,86.71,0.1,22.3,22,29.8,1010,64.7,,remote,obs
"Talisay, Daanbantayan, Cebu",2026-01-06T14:00:00,27,84.18,0,23,21.2,26.5,1009,46.9,,remote,obs
"Talisay, Daanbantayan, Cebu",2026-01-06T15:00:00,27.1,84.19,0,31.3,24.8,22.7,1009,41,,remote,obs
"Talisay, Daanbantayan, Cebu",2026-01-06T16:00:00,26.8,85.68,0.1,35.6,28.1,29.2,1009,61.1,,remote,obs
"Talisay, Daanbantayan, Cebu",2026-01-06T17:00:00,26.6,86.7,0,36,27,29.5,1010,74.4,,remote,obs
"Talisay, Daanbantayan, Cebu",2026-01-06T18:00:00,27.3,82.71,0.3,35.3,24.1,21.4,1010,90.6,,remote,obs
"Talisay, Daanbantayan, Cebu",2026-01-06T19:00:00,27.2,82.2,0.6,33.5,23.8,24.7,1011,98.8,,remote,obs
"Talisay, Daanbantayan, Cebu",2026-01-06T20:00:00,27.2,82.2,0.4,29.9,23.8,30.2,1012,99.1,,remote,obs
"Talisay, Daanbantayan, Cebu",2026-01-06T21:00:00,27.3,81.72,0.2,28.8,24.1,34.3,1012,99.5,,remote,obs
"Talisay, Daanbantayan, Cebu",2026-01-06T22:00:00,27,82.67,0.3,27.7,23.8,36.9,1012,100,,remote,obs
"Talisay, Daanbantayan, Cebu",2026-01-06T23:00:00,26.8,83.65,0.6,25.2,22.3,37,1012,99.5,,remote,obs
"Talisay, Daanbantayan, Cebu",2026-01-07T00:00:00,26.8,83.65,0.4,23.4,20.9,36.3,1011,98.6,,remote,obs
"Talisay, Daanbantayan, Cebu",2026-01-07T01:00:00,27,82.67,0.1,22,20.2,32.8,1010,95.2,,remote,obs
"Talisay, Daanbantayan, Cebu",2026-01-07T02:00:00,27,82.67,0.1,22.3,20.9,31,1010,92.8,,remote,obs
"Talisay, Daanbantayan, Cebu",2026-01-07T03:00:00,26.5,86.17,0.2,27.4,21.6,30.6,1010,84,,remote,obs
"Talisay, Daanbantayan, Cebu",2026-01-07T04:00:00,26,89.83,0.5,26.6,20.2,30.1,1010,58.5,,remote,obs
"Talisay, Daanbantayan, Cebu",2026-01-07T05:00:00,25.8,89.81,0.7,26.3,19.4,27.7,1011,54.2,,remote,obs
"Talisay, Daanbantayan, Cebu",2026-01-07T06:00:00,26.4,87.2,0.7,25.6,20.5,24.9,1011,57.2,,remote,obs
"Talisay, Daanbantayan, Cebu",2026-01-07T07:00:00,26.2,88.24,0.6,25.6,21.2,28,1012,94.5,,remote,obs
"Talisay, Daanbantayan, Cebu",2026-01-07T08:00:00,26.2,88.77,0.3,28.4,22,30.7,1013,87.4,,remote,obs
"Talisay, Daanbantayan, Cebu",2026-01-07T09:00:00,26.3,88.25,0.3,30.2,22,32.3,1013,88.2,,remote,obs
"Talisay, Daanbantayan, Cebu",2026-01-07T10:00:00,26.6,86.18,0.1,29.9,21.2,31.3,1013,91,,remote,obs
"Talisay, Daanbantayan, Cebu",2026-01-07T11:00:00,26.9,84.16,0,28.8,21.2,27.8,1012,92.5,,remote,obs
"Talisay, Daanbantayan, Cebu",2026-01-07T12:00:00,27,83.67,0.1,28.8,23,27.7,1011,93.5,,remote,obs
"Talisay, Daanbantayan, Cebu",2026-01-07T13:00:00,26.9,84.16,0.1,28.8,22,17.8,1011,96,,remote,obs
"Talisay, Daanbantayan, Cebu",2026-01-07T14:00:00,26.9,83.16,0.2,28.1,20.9,10.1,1010,98.1,,remote,obs
"Talisay, Daanbantayan, Cebu",2026-01-07T15:00:00,27,83.67,0.7,27.7,20.2,5.3,1010,98.6,,remote,obs
"Talisay, Daanbantayan, Cebu",2026-01-07T16:00:00,26.5,85.65,0.4,28.8,21.2,5.2,1010,98,,remote,obs
"Talisay, Daanbantayan, Cebu",2026-01-07T17:00:00,26.4,85.13,0.5,32.4,22.7,12.2,1012,100,,remote,obs
"Talisay, Daanbantayan, Cebu",2026-01-07T18:00:00,26.4,87.2,0.1,32.8,17.6,354.4,1011,99.5,,remote,obs
"Talisay, Daanbantayan, Cebu",2026-01-07T19:00:00,26.5,86.69,0,29.5,18.4,343.7,1012,98.6,,remote,obs
"Talisay, Daanbantayan, Cebu",2026-01-07T20:00:00,26.6,85.66,0,27.7,18.7,349.9,1013,100,,remote,obs
"Talisay, Daanbantayan, Cebu",2026-01-07T21:00:00,26.8,84.66,0,26.6,19.1,357.6,1013,97.8,,remote,obs
"Talisay, Daanbantayan, Cebu",2026-01-07T22:00:00,26.8,85.17,0,24.5,20.5,0.3,1013,97.3,,remote,obs
"Talisay, Daanbantayan, Cebu",2026-01-07T23:00:00,26.7,85.67,0.1,22.7,19.8,2.5,1013,99,,remote,obs
"Talisay, Daanbantayan, Cebu",2026-01-08T00:00:00,26.4,86.68,0.3,22.3,19.8,359.3,1012,97.7,,remote,obs
"Talisay, Daanbantayan, Cebu",2026-01-08T01:00:00,26.3,86.15,0.4,21.2,21.6,356.6,1012,97.6,,remote,obs
"Talisay, Daanbantayan, Cebu",2026-01-08T02:00:00,26.3,85.12,0.2,18.4,20.9,1.2,1011,98.5,,remote,obs
"Talisay, Daanbantayan, Cebu",2026-01-08T03:00:00,26.3,85.12,0.1,28.1,18.4,13.9,1011,99,,remote,obs
"Talisay, Daanbantayan, Cebu",2026-01-08T04:00:00,26.6,83.63,0,26.3,16.9,23.4,1011,98,,remote,obs
"Talisay, Daanbantayan, Cebu",2026-01-08T05:00:00,26.6,84.13,0,23.4,15.5,36.2,1011,97.5,,remote,obs
"Talisay, Daanbantayan, Cebu",2026-01-08T06:00:00,26.7,84.14,0,22.7,15.5,60.6,1011,96.2,,remote,obs
"Talisay, Daanbantayan, Cebu",2026-01-08T07:00:00,26.9,83.16,0,24.1,17.6,64.8,1012,96.1,,remote,obs
"Talisay, Daanbantayan, Cebu",2026-01-08T08:00:00,27,82.67,0,25.2,19.1,75,1012,96,,remote,obs
"Talisay, Daanbantayan, Cebu",2026-01-08T09:00:00,27.1,82.19,0,25.6,19.1,78.6,1013,96.2,,remote,obs
"Talisay, Daanbantayan, Cebu",2026-01-08T10:00:00,27.2,81.71,0,25.2,17.6,75.6,1013,96.6,,remote,obs
"Talisay, Daanbantayan, Cebu",2026-01-08T11:00:00,27.3,81.23,0,23.8,16.6,74.2,1012,98.5,,remote,obs
"Talisay, Daanbantayan, Cebu",2026-01-08T12:00:00,27.5,80.28,0,23,14.8,70.9,1012,97.4,,remote,obs
"Talisay, Daanbantayan, Cebu",2026-01-08T13:00:00,27.8,78.41,0,22.7,13.7,63.9,1011,95.2,,remote,obs
"Talisay, Daanbantayan, Cebu",2026-01-08T14:00:00,28,76.57,0,20.9,12.2,55,1010,93,,remote,obs
"Talisay, Daanbantayan, Cebu",2026-01-08T15:00:00,28.2,75.23,0,16.2,9.4,35.7,1009,99,,remote,obs
"Talisay, Daanbantayan, Cebu",2026-01-08T16:00:00,28.2,76.14,0,13.7,9,0.8,1009,96.5,,remote,obs
"Talisay, Daanbantayan, Cebu",2026-01-08T17:00:00,28.1,78.45,0,15.5,11.5,346.5,1010,89.4,,remote,obs
"Talisay, Daanbantayan, Cebu",2026-01-08T18:00:00,27.8,82.76,0,18.7,14,343.5,1010,47.7,,remote,obs
"Talisay, Daanbantayan, Cebu",2026-01-08T19:00:00,27.7,84.76,0,21.2,15.8,348.3,1011,81.1,,remote,obs
"Talisay, Daanbantayan, Cebu",2026-01-08T20:00:00,27.7,85.77,0,22.7,16.2,0.5,1012,87.6,,remote,obs
"Talisay, Daanbantayan, Cebu",2026-01-08T21:00:00,27.4,83.22,0.2,25.9,16.9,23.1,1012,97.4,,remote,obs
"Talisay, Daanbantayan, Cebu",2026-01-08T22:00:00,27.2,82.69,0.1,29.9,19.4,41.8,1011,96.8,,remote,obs
"Talisay, Daanbantayan, Cebu",2026-01-08T23:00:00,27,83.67,0.2,32.8,21.6,50.5,1012,98.1,,remote,obs
"Talisay, Daanbantayan, Cebu",2026-01-09T00:00:00,26.7,85.67,0.1,32.4,22.7,52,1011,98.5,,remote,obs
"Talisay, Daanbantayan, Cebu",2026-01-09T01:00:00,26.7,85.67,0.1,30.6,23,51.5,1011,95,,remote,obs
"Talisay, Daanbantayan, Cebu",2026-01-09T02:00:00,26.7,85.16,0.1,29.9,22,54.4,1010,94.1,,remote,obs
"Talisay, Daanbantayan, Cebu",2026-01-09T03:00:00,26.7,84.65,0.1,28.8,21.6,58.5,1010,97.1,,remote,obs
"Talisay, Daanbantayan, Cebu",2026-01-09T04:00:00,26.7,85.16,0.1,28.4,22,63.9,1010,95.5,,remote,obs
"Talisay, Daanbantayan, Cebu",2026-01-09T05:00:00,26.6,85.66,0.2,29.2,21.6,70,1010,95.6,,remote,obs
"Talisay, Daanbantayan, Cebu",2026-01-09T06:00:00,26.7,85.16,0.2,29.2,18,60.4,1010,99,,remote,obs
"Talisay, Daanbantayan, Cebu",2026-01-09T07:00:00,26.7,85.67,0.1,28.4,15.8,59.6,1011,94.3,,remote,obs
"Talisay, Daanbantayan, Cebu",2026-01-09T08:00:00,26.8,85.17,0,27,15.8,55.4,1011,82.3,,remote,obs
"Talisay, Daanbantayan, Cebu",2026-01-09T09:00:00,26.8,85.17,0.1,25.6,15.8,55.6,1012,83.8,,remote,obs
"Talisay, Daanbantayan, Cebu",2026-01-09T10:00:00,26.7,85.67,0.2,25.6,17.3,56.4,1012,98.1,,remote,obs
"Talisay, Daanbantayan, Cebu",2026-01-09T11:00:00,26.5,86.69,0.3,25.9,18.4,54.7,1011,100,,remote,obs
"Talisay, Daanbantayan, Cebu",2026-01-09T12:00:00,26.5,86.69,0.2,26.3,19.1,50.2,1011,97.8,,remote,obs
"Talisay, Daanbantayan, Cebu",2026-01-09T13:00:00,26.6,86.18,0.3,27.4,17.6,43.1,1010,92.9,,remote,obs
"Talisay, Daanbantayan, Cebu",2026-01-09T14:00:00,26.9,84.16,0.1,27.7,16.9,37.6,1009,77.6,,remote,obs
"Talisay, Daanbantayan, Cebu",2026-01-09T15:00:00,27.1,83.68,0,23.8,17.3,34.9,1009,46.8,,remote,obs
"Talisay, Daanbantayan, Cebu",2026-01-09T16:00:00,27.4,81.73,0,23.4,16.9,36.4,1009,44.5,,remote,obs
"Talisay, Daanbantayan, Cebu",2026-01-09T17:00:00,27.6,81.27,0,24.1,19.4,50.7,1010,64.9,,remote,obs
"Talisay, Daanbantayan, Cebu",2026-01-09T18:00:00,27.3,84.21,0.1,27,16.9,30.7,1010,48.3,,remote,obs
"Talisay, Daanbantayan, Cebu",2026-01-09T19:00:00,27.2,84.2,0.1,28.1,19.8,45.6,1011,57.4,,remote,obs
"Talisay, Daanbantayan, Cebu",2026-01-09T20:00:00,27.3,83.7,0,32.4,21.6,56.2,1011,77.6,,remote,obs
"Talisay, Daanbantayan, Cebu",2026-01-09T21:00:00,27.2,83.19,0.1,32.8,20.5,66.4,1011,72.3,,remote,obs
"Talisay, Daanbantayan, Cebu",2026-01-09T22:00:00,27.2,82.2,0.1,28.8,20.9,74.8,1011,88,,remote,obs
"Talisay, Daanbantayan, Cebu",2026-01-09T23:00:00,26.9,83.66,0.2,25.2,20.5,83.2,1011,98.6,,remote,obs
"Talisay, Daanbantayan, Cebu",2026-01-10T00:00:00,26.9,83.66,0.2,23,18.7,88.5,1011,96.1,,remote,obs
"Talisay, Daanbantayan, Cebu",2026-01-10T01:00:00,26.9,83.66,0,20.2,16.6,85.8,1010,98.1,,remote,obs
"Talisay, Daanbantayan, Cebu",2026-01-10T02:00:00,26.8,84.15,0.1,20.2,16.2,87.4,1010,99.5,,remote,obs
"Talisay, Daanbantayan, Cebu",2026-01-10T03:00:00,26.5,84.12,0.1,22.7,15.8,90.2,1010,99.5,,remote,obs
"Talisay, Daanbantayan, Cebu",2026-01-10T04:00:00,26.5,84.12,0.1,22.3,14,90.6,1010,95.3,,remote,obs
"Talisay, Daanbantayan, Cebu",2026-01-10T05:00:00,26.4,84.62,0,20.2,10.1,79.8,1010,97.4,,remote,obs
"Talisay, Daanbantayan, Cebu",2026-01-10T06:00:00,26.8,83.15,0,15.5,13.7,65.5,1010,99.6,,remote,obs
"Talisay, Daanbantayan, Cebu",2026-01-10T07:00:00,26.6,84.13,0.2,22.3,17.6,82.5,1011,99.9,,remote,obs
"Talisay, Daanbantayan, Cebu",2026-01-10T08:00:00,26.7,83.64,0.1,24.5,14,78.6,1012,98.1,,remote,obs
"Talisay, Daanbantayan, Cebu",2026-01-10T09:00:00,26.8,83.15,0,22.7,12.6,72.1,1012,100,,remote,obs
"Talisay, Daanbantayan, Cebu",2026-01-10T10:00:00,27,82.67,0,19.4,12.2,92,1013,100,,remote,obs
"Talisay, Daanbantayan, Cebu",2026-01-10T11:00:00,27,82.67,0.1,23,2.5,9.9,1011,100,,remote,obs
"Talisay, Daanbantayan, Cebu",2026-01-10T12:00:00,27.2,80.73,0.1,22.7,5.4,91.1,1011,100,,remote,obs
"Talisay, Daanbantayan, Cebu",2026-01-10T13:00:00,27.3,80.26,0,18.4,6.8,74.5,1011,100,,remote,obs
"Talisay, Daanbantayan, Cebu",2026-01-10T14:00:00,27.3,80.26,0,11.5,3.2,21,1009,100,,remote,obs
"Talisay, Daanbantayan, Cebu",2026-01-10T15:00:00,27.3,81.72,1.5,16.6,13.3,27.3,1010,100,,remote,obs
"Talisay, Daanbantayan, Cebu",2026-01-10T16:00:00,27.4,81.73,2.6,24.1,18.7,27.4,1010,100,,remote,obs
"Talisay, Daanbantayan, Cebu",2026-01-10T17:00:00,27.5,81.74,1.9,28.1,23.8,38.2,1011,100,,remote,obs
"Talisay, Daanbantayan, Cebu",2026-01-10T18:00:00,26.9,86.21,1.5,32.8,24.5,34.3,1012,100,,remote,obs
"Talisay, Daanbantayan, Cebu",2026-01-10T19:00:00,27.1,85.2,1,32.4,22.7,35.7,1012,100,,remote,obs
"Talisay, Daanbantayan, Cebu",2026-01-10T20:00:00,27.2,84.7,0.4,29.2,24.8,46.2,1013,100,,remote,obs
"Talisay, Daanbantayan, Cebu",2026-01-10T21:00:00,27.3,81.72,0.1,27,27,58.1,1013,100,,remote,obs
"Talisay, Daanbantayan, Cebu",2026-01-10T22:00:00,27.2,80.24,0,27,26.3,62.2,1013,100,,remote,obs
"Talisay, Daanbantayan, Cebu",2026-01-10T23:00:00,27.2,76.45,0,26.6,23.4,62.2,1012,99.9,,remote,obs
"Talisay, Daanbantayan, Cebu",2026-01-11T00:00:00,27.2,73.71,0,20.9,19.1,61.2,1012,100,,remote,obs
"Talisay, Daanbantayan, Cebu",2026-01-11T01:00:00,27.1,73.69,0,14.4,15.1,59.5,1012,100,,remote,obs
"Talisay, Daanbantayan, Cebu",2026-01-11T02:00:00,27,75.04,0,15.8,13.7,77,1011,99.6,,remote,obs
"Talisay, Daanbantayan, Cebu",2026-01-11T03:00:00,27,75.5,0,19.4,14.4,86.9,1011,96.7,,remote,obs
"Talisay, Daanbantayan, Cebu",2026-01-11T04:00:00,26.9,75.48,0,18.4,13,87.8,1012,98.4,,remote,obs
"Talisay, Daanbantayan, Cebu",2026-01-11T05:00:00,27,75.5,0,17.6,10.8,92.2,1012,96.9,,remote,obs
"Talisay, Daanbantayan, Cebu",2026-01-11T06:00:00,27,74.58,0,15.5,7.6,56,1013,96.5,,remote,obs
"Talisay, Daanbantayan, Cebu",2026-01-11T07:00:00,27,75.5,0,12.2,10.8,60.4,1014,98.5,,remote,obs
"Talisay, Daanbantayan, Cebu",2026-01-11T08:00:00,27.1,75.51,0,12.2,13.7,72.5,1014,99.1,,remote,obs
"Talisay, Daanbantayan, Cebu",2026-01-11T09:00:00,27.2,75.07,0,11.9,14.4,74.4,1015,100,,remote,obs
"Talisay, Daanbantayan, Cebu",2026-01-11T10:00:00,27.2,75.07,0,10.1,14.8,74.7,1014,100,,remote,obs
"Talisay, Daanbantayan, Cebu",2026-01-11T11:00:00,27.2,75.53,0,10.1,12.6,70,1014,99.9,,remote,obs
"Talisay, Daanbantayan, Cebu",2026-01-11T12:00:00,27.3,75.09,0,11.5,9.7,58.8,1013,100,,remote,obs
"Talisay, Daanbantayan, Cebu",2026-01-11T13:00:00,27.3,75.09,0,13,9.4,44.6,1012,100,,remote,obs
"Talisay, Daanbantayan, Cebu",2026-01-11T14:00:00,27.4,75.1,0,14.8,9.7,40.6,1011,99,,remote,obs
"Talisay, Daanbantayan, Cebu",2026-01-11T15:00:00,27.4,76.02,0,16.2,11.2,36,1011,100,,remote,obs
"Talisay, Daanbantayan, Cebu",2026-01-11T16:00:00,27.2,79.28,0,18,12.6,29.7,1011,100,,remote,obs
"Talisay, Daanbantayan, Cebu",2026-01-11T17:00:00,26.9,82.66,0,18.4,13.3,26.4,1011,98.2,,remote,obs
"Talisay, Daanbantayan, Cebu",2026-01-11T18:00:00,27.4,81.24,0,19.4,13.3,25.8,1012,98.1,,remote,obs
"Talisay, Daanbantayan, Cebu",2026-01-11T19:00:00,27.3,82.21,0.1,22.7,14.8,22.2,1013,99,,remote,obs
"Talisay, Daanbantayan, Cebu",2026-01-11T20:00:00,27.3,82.71,0.1,22,14.4,21.5,1013,100,,remote,obs
"Talisay, Daanbantayan, Cebu",2026-01-11T21:00:00,27.1,83.68,0.3,24.8,16.6,16.2,1014,98.2,,remote,obs
"Talisay, Daanbantayan, Cebu",2026-01-11T22:00:00,26.9,84.16,0.2,27,16.9,17,1014,100,,remote,obs
"Talisay, Daanbantayan, Cebu",2026-01-11T23:00:00,26.9,83.16,0.1,27.4,17.3,17.8,1013,100,,remote,obs
"Talisay, Daanbantayan, Cebu",2026-01-12T00:00:00,26.9,83.16,0,27,18.7,21.9,1013,100,,remote,obs
"Talisay, Daanbantayan, Cebu",2026-01-12T01:00:00,27,82.67,0,27,20.2,28.3,1013,99.6,,remote,obs
"Talisay, Daanbantayan, Cebu",2026-01-12T02:00:00,27,83.17,0,28.4,22,33.2,1012,99.6,,remote,obs
"Talisay, Daanbantayan, Cebu",2026-01-12T03:00:00,27,83.17,0,29.5,22.3,39.4,1012,97.6,,remote,obs
"Talisay, Daanbantayan, Cebu",2026-01-12T04:00:00,26.9,83.66,0.1,29.5,21.6,44.8,1012,63.7,,remote,obs
"Talisay, Daanbantayan, Cebu",2026-01-12T05:00:00,26.9,83.66,0.1,28.8,20.5,50.5,1012,50.7,,remote,obs
"Talisay, Daanbantayan, Cebu",2026-01-12T06:00:00,26.9,83.16,0.1,27.4,19.1,39.7,1012,66.8,,remote,obs
"Talisay, Daanbantayan, Cebu",2026-01-12T07:00:00,27,82.67,0,25.9,20.2,39.8,1013,80,,remote,obs
"Talisay, Daanbantayan, Cebu",2026-01-12T08:00:00,27.1,82.19,0,27.7,20.9,38.2,1014,92.9,,remote,obs
"Talisay, Daanbantayan, Cebu",2026-01-12T09:00:00,27.3,81.72,0,28.4,21.6,38,1014,95.6,,remote,obs
"Talisay, Daanbantayan, Cebu",2026-01-12T10:00:00,27.3,81.72,0,28.4,22,42.1,1014,99.6,,remote,obs
"Talisay, Daanbantayan, Cebu",2026-01-12T11:00:00,27.4,81.24,0,27.7,20.5,44.7,1013,99.5,,remote,obs
"Talisay, Daanbantayan, Cebu",2026-01-12T12:00:00,27.4,81.24,0,26.3,18,42.3,1012,97.5,,remote,obs
"Talisay, Daanbantayan, Cebu",2026-01-12T13:00:00,27.6,80.29,0,24.1,16.6,36,1012,97.3,,remote,obs
"Talisay, Daanbantayan, Cebu",2026-01-12T14:00:00,27.7,79.35,0,21.2,15.8,26.4,1011,94.6,,remote,obs
"Talisay, Daanbantayan, Cebu",2026-01-12T15:00:00,27.8,78.89,0,21.2,15.5,17.6,1010,71.3,,remote,obs
"Talisay, Daanbantayan, Cebu",2026-01-12T16:00:00,27.8,79.36,0,20.9,15.8,12.6,1010,38.4,,remote,obs
"Talisay, Daanbantayan, Cebu",2026-01-12T17:00:00,27.8,80.32,0,22,16.6,12.9,1011,15.5,,remote,obs
"Talisay, Daanbantayan, Cebu",2026-01-12T18:00:00,27.4,83.22,0.1,24.5,15.8,7.1,1012,29.8,,remote,obs
"Talisay, Daanbantayan, Cebu",2026-01-12T19:00:00,27.1,84.19,0.2,26.3,17.3,7.7,1012,24.2,,remote,obs
"Talisay, Daanbantayan, Cebu",2026-01-12T20:00:00,27,83.67,0.2,28.4,16.2,18.7,1013,29.3,,remote,obs
"Talisay, Daanbantayan, Cebu",2026-01-12T21:00:00,27.2,81.71,0,25.9,14.8,38,1013,98.6,,remote,obs
"Talisay, Daanbantayan, Cebu",2026-01-12T22:00:00,27.3,81.23,0,22.7,14.8,51.4,1013,100,,remote,obs
"Talisay, Daanbantayan, Cebu",2026-01-12T23:00:00,27.3,81.23,0,19.8,15.1,54.6,1013,100,,remote,obs
"Talisay, Daanbantayan, Cebu",2026-01-13T00:00:00,27.2,81.71,0,18.7,15.8,54.8,1012,100,,remote,obs
"Talisay, Daanbantayan, Cebu",2026-01-13T01:00:00,27.2,81.71,0,20.5,16.2,57.7,1012,96.2,,remote,obs
"Talisay, Daanbantayan, Cebu",2026-01-13T02:00:00,27.1,82.19,0,21.6,15.1,60.3,1011,95,,remote,obs
"Talisay, Daanbantayan, Cebu",2026-01-13T03:00:00,27,82.67,0,19.8,14,63.8,1011,95.8,,remote,obs
"Talisay, Daanbantayan, Cebu",2026-01-13T04:00:00,26.9,83.16,0,19.1,13.3,64.7,1011,96.6,,remote,obs
"Talisay, Daanbantayan, Cebu",2026-01-13T05:00:00,26.9,83.66,0,19.1,13,65,1011,94.5,,remote,obs
"Talisay, Daanbantayan, Cebu",2026-01-13T06:00:00,26.9,81.67,0,19.1,16.2,59.6,1012,96.7,,remote,obs
"Talisay, Daanbantayan, Cebu",2026-01-13T07:00:00,26.9,81.67,0,19.8,16.9,59.2,1012,95.8,,remote,obs
"Talisay, Daanbantayan, Cebu",2026-01-13T08:00:00,26.9,81.67,0,20.9,17.6,60.4,1013,87.3,,remote,obs
"Talisay, Daanbantayan, Cebu",2026-01-13T09:00:00,27,81.68,0,20.9,16.9,60.1,1013,81.7,,remote,obs
"Talisay, Daanbantayan, Cebu",2026-01-13T10:00:00,27,81.68,0,20.2,14.8,54.3,1013,75.6,,remote,obs
"Talisay, Daanbantayan, Cebu",2026-01-13T11:00:00,27.1,81.2,0,19.8,13,45.6,1012,82.9,,remote,obs
"Talisay, Daanbantayan, Cebu",2026-01-13T12:00:00,27.1,81.69,0,19.4,11.5,38.3,1012,88.9,,remote,obs
"Talisay, Daanbantayan, Cebu",2026-01-13T13:00:00,27.1,82.19,0,19.1,11.2,26.8,1011,73,,remote,obs
"Talisay, Daanbantayan, Cebu",2026-01-13T14:00:00,27.1,82.68,0,20.9,11.2,14.1,1010,73.8,,remote,obs
"Talisay, Daanbantayan, Cebu",2026-01-13T15:00:00,27.1,83.18,0,16.6,11.5,1.9,1010,79.5,,remote,obs
"Talisay, Daanbantayan, Cebu",2026-01-13T16:00:00,27.2,83.19,0,17.6,13,355.7,1010,41.4,,remote,obs
"Talisay, Daanbantayan, Cebu",2026-01-13T17:00:00,27.2,84.2,0,18,13,359.7,1010,48.9,,remote,obs
"Talisay, Daanbantayan, Cebu",2026-01-13T18:00:00,27.3,82.71,0,17.6,11.9,359.5,1011,99.4,,remote,obs
"Talisay, Daanbantayan, Cebu",2026-01-13T19:00:00,27.3,83.2,0,18.4,14.4,3.2,1011,100,,remote,obs
"Talisay, Daanbantayan, Cebu",2026-01-13T20:00:00,27.4,83.72,0,20.5,16.9,3,1011,100,,remote,obs
"Talisay, Daanbantayan, Cebu",2026-01-13T21:00:00,27.3,83.2,0,24.1,17.6,10.6,1011,100,,remote,obs
"Talisay, Daanbantayan, Cebu",2026-01-13T22:00:00,27.4,80.27,0.1,26.3,17.6,24,1011,100,,remote,obs
"Talisay, Daanbantayan, Cebu",2026-01-13T23:00:00,27.5,77.9,0.1,27.4,18,43,1011,100,,remote,obs
"Talisay, Daanbantayan, Cebu",2026-01-14T00:00:00,27.5,77.43,0,27,18,54.9,1011,100,,remote,obs
"Talisay, Daanbantayan, Cebu",2026-01-14T01:00:00,27.4,77.41,0,25.9,18.4,55.3,1011,100,,remote,obs
"Talisay, Daanbantayan, Cebu",2026-01-14T02:00:00,27.3,77.87,0,23.8,18.4,59.2,1010,100,,remote,obs
"Talisay, Daanbantayan, Cebu",2026-01-14T03:00:00,27.2,78.33,0,24.8,19.1,62.2,1010,100,,remote,obs
"Talisay, Daanbantayan, Cebu",2026-01-14T04:00:00,27.1,78.79,0,25.2,19.1,62.8,1010,100,,remote,obs
"Talisay, Daanbantayan, Cebu",2026-01-14T05:00:00,27,79.25,0,25.2,18.4,56.6,1010,100,,remote,obs
"Talisay, Daanbantayan, Cebu",2026-01-14T06:00:00,27,79.25,0,23.8,16.2,47.9,1010,100,,remote,obs
"Talisay, Daanbantayan, Cebu",2026-01-14T07:00:00,27.1,78.79,0,22.3,16.9,43.7,1011,100,,remote,obs
"Talisay, Daanbantayan, Cebu",2026-01-14T08:00:00,27.1,78.79,0,22.7,16.2,45.8,1011,100,,remote,obs
"Talisay, Daanbantayan, Cebu",2026-01-14T09:00:00,27.1,79.27,0,23.4,16.9,45,1012,100,,remote,obs
"Talisay, Daanbantayan, Cebu",2026-01-14T10:00:00,27.1,79.27,0,23.8,16.2,35.6,1012,100,,remote,obs
"Talisay, Daanbantayan, Cebu",2026-01-14T11:00:00,27.1,79.75,0,22.3,16.9,25.8,1011,100,,remote,obs
"Talisay, Daanbantayan, Cebu",2026-01-14T12:00:00,27.2,79.76,0,23.4,17.3,26.4,1010,100,,remote,obs
"Talisay, Daanbantayan, Cebu",2026-01-14T13:00:00,27.1,80.71,0,23.4,16.9,21,1009,100,,remote,obs
"Talisay, Daanbantayan, Cebu",2026-01-14T14:00:00,27.2,80.73,0,23,16.9,12.3,1008,100,,remote,obs
"Talisay, Daanbantayan, Cebu",2026-01-14T15:00:00,27.3,80.26,0,22,16.2,1.6,1008,100,,remote,obs
"Talisay, Daanbantayan, Cebu",2026-01-14T16:00:00,27,81.68,0,21.2,16.2,357.3,1008,100,,remote,obs
"Talisay, Daanbantayan, Cebu",2026-01-14T17:00:00,26.3,84.61,0.1,21.2,15.8,359.6,1008,100,,remote,obs
"Talisay, Daanbantayan, Cebu",2026-01-14T18:00:00,27,83.67,0.1,23,16.2,14.8,1009,100,,remote,obs
"Talisay, Daanbantayan, Cebu",2026-01-14T19:00:00,27,83.67,0.1,25.2,18.4,27.1,1010,100,,remote,obs
"Talisay, Daanbantayan, Cebu",2026-01-14T20:00:00,26.4,85.64,0.2,31,22,35.9,1010,100,,remote,obs
"Talisay, Daanbantayan, Cebu",2026-01-14T21:00:00,26.3,85.12,0.2,37.1,24.5,43.4,1011,100,,remote,obs
"Talisay, Daanbantayan, Cebu",2026-01-14T22:00:00,26.5,84.12,0.1,37.1,25.2,41.1,1011,100,,remote,obs
"Talisay, Daanbantayan, Cebu",2026-01-14T23:00:00,26.7,83.64,0,34.9,24.1,34.8,1010,100,,remote,obs
"Talisay, Daanbantayan, Cebu",2026-01-15T00:00:00,26.8,82.65,0,33.1,24.5,31.4,1010,100,,remote,obs
"Talisay, Daanbantayan, Cebu",2026-01-15T01:00:00,26.8,82.65,0,32.8,24.5,30.6,1010,100,,remote,obs
"Talisay, Daanbantayan, Cebu",2026-01-15T02:00:00,26.8,82.65,0,31,24.1,26.6,1009,100,,remote,obs
"Talisay, Daanbantayan, Cebu",2026-01-15T03:00:00,26.7,83.64,0,32.8,24.8,25.7,1009,100,,remote,obs
"Talisay, Daanbantayan, Cebu",2026-01-15T04:00:00,26.7,83.64,0,33.1,25.2,21.2,1009,100,,remote,obs
"Talisay, Daanbantayan, Cebu",2026-01-15T05:00:00,26.7,83.64,0,34.2,25.9,18,1009,100,,remote,obs
"Talisay, Daanbantayan, Cebu",2026-01-15T06:00:00,26.8,81.66,0,35.3,26.3,18,1010,100,,remote,obs
"Talisay, Daanbantayan, Cebu",2026-01-15T07:00:00,26.8,82.15,0,38.5,30.2,18.2,1010,100,,remote,obs
"Talisay, Daanbantayan, Cebu",2026-01-15T08:00:00,26.7,82.64,0.1,41.4,33.1,21.4,1011,100,,remote,obs
"Talisay, Daanbantayan, Cebu",2026-01-15T09:00:00,26.7,82.14,0.1,42.1,34.6,24.3,1011,100,,remote,obs
"Talisay, Daanbantayan, Cebu",2026-01-15T10:00:00,26.8,81.16,0.1,41.8,34.2,26.5,1011,100,,remote,obs
"Talisay, Daanbantayan, Cebu",2026-01-15T11:00:00,26.9,80.2,0,38.5,28.4,10.9,1010,100,,remote,obs
"Talisay, Daanbantayan, Cebu",2026-01-15T12:00:00,26.9,80.2,0,37.4,28.8,9.8,1009,100,,remote,obs
"Talisay, Daanbantayan, Cebu",2026-01-15T13:00:00,26.9,80.69,0,40,29.5,6.8,1008,100,,remote,obs
"Talisay, Daanbantayan, Cebu",2026-01-15T14:00:00,27,80.22,0,41.4,31,4.9,1007,100,,remote,obs
"Talisay, Daanbantayan, Cebu",2026-01-15T15:00:00,27.1,79.27,0.1,43.2,33.1,5.8,1007,100,,remote,obs
"Talisay, Daanbantayan, Cebu",2026-01-15T16:00:00,27.2,78.8,0.1,43.9,32.4,7.6,1007,100,,remote,obs
"Talisay, Daanbantayan, Cebu",2026-01-15T17:00:00,27.2,78.8,0,42.8,31.3,3.3,1007,100,,remote,obs
"Talisay, Daanbantayan, Cebu",2026-01-15T18:00:00,27.1,79.75,0,42.8,28.4,2.6,1007,100,,remote,obs
"Talisay, Daanbantayan, Cebu",2026-01-15T19:00:00,27,80.22,0.1,44.6,30.6,1.4,1008,100,,remote,obs
"Talisay, Daanbantayan, Cebu",2026-01-15T20:00:00,27,80.22,0.1,45,32,358.9,1008,100,,remote,obs
"Talisay, Daanbantayan, Cebu",2026-01-15T21:00:00,27,79.73,0,47.2,33.8,358.3,1008,100,,remote,obs
"Talisay, Daanbantayan, Cebu",2026-01-15T22:00:00,26.9,79.72,0.1,49,33.5,357.7,1008,100,,remote,obs
"Talisay, Daanbantayan, Cebu",2026-01-15T23:00:00,26.9,80.2,0,48.2,34.2,350,1008,100,,remote,obs
"Talisay, Daanbantayan, Cebu",2026-01-16T00:00:00,26.7,81.64,0.1,49.7,35.3,347.6,1007,100,,remote,obs
"Talisay, Daanbantayan, Cebu",2026-01-16T01:00:00,26.5,82.61,0.2,49.7,37.1,346.3,1006,100,,remote,obs
"Talisay, Daanbantayan, Cebu",2026-01-16T02:00:00,26.4,83.6,0.4,49,36.4,347.2,1005,100,,remote,obs
"Talisay, Daanbantayan, Cebu",2026-01-16T03:00:00,26.4,84.11,1.4,48.2,34.6,348.7,1006,100,,remote,obs
"Talisay, Daanbantayan, Cebu",2026-01-16T04:00:00,26.1,85.61,3.1,46.4,34.9,344.6,1005,100,,remote,obs
"Talisay, Daanbantayan, Cebu",2026-01-16T05:00:00,26.1,86.13,1.4,49.3,36.7,345.8,1006,100,,remote,obs
"Talisay, Daanbantayan, Cebu",2026-01-16T06:00:00,26.3,84.61,1.1,50,32.8,337.1,1006,100,,remote,obs
"Talisay, Daanbantayan, Cebu",2026-01-16T07:00:00,25.9,89.28,2.7,49,34.6,333.4,1006,100,,remote,obs
"Talisay, Daanbantayan, Cebu",2026-01-16T08:00:00,26,87.69,3.3,50,34.6,328.8,1007,100,,remote,obs
"Talisay, Daanbantayan, Cebu",2026-01-16T09:00:00,26,88.22,2.4,51.8,36,325.2,1007,100,,remote,obs
"Talisay, Daanbantayan, Cebu",2026-01-16T10:00:00,26,88.22,2.7,50.4,37.4,326.9,1007,100,,remote,obs
"Talisay, Daanbantayan, Cebu",2026-01-16T11:00:00,25.9,88.21,2.9,53.6,39.2,330,1006,100,,remote,obs
"Talisay, Daanbantayan, Cebu",2026-01-16T12:00:00,25.8,88.74,2.5,53.3,40.3,332,1006,100,,remote,obs
"Talisay, Daanbantayan, Cebu",2026-01-16T13:00:00,26.2,85.62,1.6,52.9,40.7,333.3,1004,100,,remote,obs
"Talisay, Daanbantayan, Cebu",2026-01-16T14:00:00,26.1,86.65,1.5,52.2,41.8,332.6,1004,100,,remote,obs
"Talisay, Daanbantayan, Cebu",2026-01-16T15:00:00,26.2,85.62,1.4,58,43.2,335.1,1003,100,,remote,obs
"Talisay, Daanbantayan, Cebu",2026-01-16T16:00:00,26.2,86.14,1.7,58.7,43.6,333.3,1004,100,,remote,obs
"Talisay, Daanbantayan, Cebu",2026-01-16T17:00:00,26.8,83.15,2.6,59,44.3,334.1,1004,100,,remote,obs
"Talisay, Daanbantayan, Cebu",2026-01-16T18:00:00,26.5,85.65,2.7,58.7,39.2,319.8,1004,100,,remote,obs
"Talisay, Daanbantayan, Cebu",2026-01-16T19:00:00,26.4,87.2,3,57.6,40.7,319.1,1005,100,,remote,obs
"Talisay, Daanbantayan, Cebu",2026-01-16T20:00:00,26.4,87.2,3,56.2,42.8,317.3,1005,100,,remote,obs
"Talisay, Daanbantayan, Cebu",2026-01-16T21:00:00,26.3,87.19,2.9,56.5,42.5,312.7,1005,100,,remote,obs
"Talisay, Daanbantayan, Cebu",2026-01-16T22:00:00,26.5,84.63,2.5,58,43.6,311.1,1005,100,,remote,obs
"Talisay, Daanbantayan, Cebu",2026-01-16T23:00:00,26.6,85.15,1.6,58.7,43.6,308.5,1005,100,,remote,obs
"Talisay, Daanbantayan, Cebu",2026-01-17T00:00:00,26.6,85.66,1.1,59.4,44.6,305.5,1004,100,,remote,obs
"Talisay, Daanbantayan, Cebu",2026-01-17T01:00:00,26.6,84.13,1.4,57.6,45.7,306.1,1004,100,,remote,obs
"Talisay, Daanbantayan, Cebu",2026-01-17T02:00:00,26.5,85.65,1.1,56.9,46.1,305.1,1003,100,,remote,obs
"Talisay, Daanbantayan, Cebu",2026-01-17T03:00:00,26.3,88.25,2.9,63.4,46.1,303.4,1003,100,,remote,obs
"Talisay, Daanbantayan, Cebu",2026-01-17T04:00:00,26.3,88.25,3.3,65.2,47.9,301.1,1003,100,,remote,obs
"Talisay, Daanbantayan, Cebu",2026-01-17T05:00:00,26.4,87.73,3.8,66.2,49.7,295.5,1003,100,,remote,obs
"Talisay, Daanbantayan, Cebu",2026-01-17T06:00:00,26.4,86.16,4.6,67.7,46.1,302.2,1004,100,,remote,obs
"Talisay, Daanbantayan, Cebu",2026-01-17T07:00:00,26.3,85.63,4.9,70.2,42.8,294.9,1004,100,,remote,obs
"Talisay, Daanbantayan, Cebu",2026-01-17T08:00:00,26,86.12,5.5,71.3,38.5,290.1,1006,100,,remote,obs
"Talisay, Daanbantayan, Cebu",2026-01-17T09:00:00,25.5,85.56,7.6,72.4,39.2,290.6,1005,100,,remote,obs
"Talisay, Daanbantayan, Cebu",2026-01-17T10:00:00,25.2,84.49,6.6,74.2,42.1,292.4,1005,100,,remote,obs
"Talisay, Daanbantayan, Cebu",2026-01-17T11:00:00,25,84.47,6.3,76.3,45.4,295.3,1005,100,,remote,obs
"Talisay, Daanbantayan, Cebu",2026-01-17T12:00:00,24.8,84.45,6.7,76.7,46.1,295.5,1005,100,,remote,obs
"Talisay, Daanbantayan, Cebu",2026-01-17T13:00:00,25,83.45,6.2,77.4,46.8,293.1,1004,100,,remote,obs
"Talisay, Daanbantayan, Cebu",2026-01-17T14:00:00,25.4,81.98,4.8,77.4,46.1,292.4,1003,100,,remote,obs
"Talisay, Daanbantayan, Cebu",2026-01-17T15:00:00,25.6,81.51,0.3,62.3,44.3,294.1,1003,100,,remote,obs
"Talisay, Daanbantayan, Cebu",2026-01-17T16:00:00,25.8,80.06,0.4,59.4,41.4,292.3,1003,100,,remote,obs
"Talisay, Daanbantayan, Cebu",2026-01-17T17:00:00,25.8,79.57,0.3,55.8,41.4,288.9,1004,100,,remote,obs
"Talisay, Daanbantayan, Cebu",2026-01-17T18:00:00,26.4,85.13,0.4,54.7,32,296.7,1004,100,,remote,obs
"Talisay, Daanbantayan, Cebu",2026-01-17T19:00:00,26.3,85.63,0.4,50.8,31,290.2,1005,100,,remote,obs
"Talisay, Daanbantayan, Cebu",2026-01-17T20:00:00,26.3,85.63,0.3,47.5,30.2,274,1006,100,,remote,obs
"Talisay, Daanbantayan, Cebu",2026-01-17T21:00:00,26.4,84.11,0.1,46.4,30.6,264.6,1006,100,,remote,obs
"Talisay, Daanbantayan, Cebu",2026-01-17T22:00:00,26.4,83.1,0,44.6,32.4,273.3,1006,100,,remote,obs
"Talisay, Daanbantayan, Cebu",2026-01-17T23:00:00,26.4,81.11,0,42.1,33.8,274.2,1006,100,,remote,obs
"Talisay, Daanbantayan, Cebu",2026-01-18T00:00:00,26.5,79.18,0,40.7,32.8,270.4,1005,100,,remote,obs
"Talisay, Daanbantayan, Cebu",2026-01-18T01:00:00,26.5,77.75,0,39.6,31.3,268.6,1005,100,,remote,obs
"Talisay, Daanbantayan, Cebu",2026-01-18T02:00:00,26.7,75.91,0,37.1,28.4,266.5,1004,99,,remote,obs
"Talisay, Daanbantayan, Cebu",2026-01-18T03:00:00,26.8,74.1,0.1,36.4,25.6,263.1,1004,100,,remote,obs
"Talisay, Daanbantayan, Cebu",2026-01-18T04:00:00,26.9,73.21,1.1,33.8,23.8,256,1004,100,,remote,obs
"Talisay, Daanbantayan, Cebu",2026-01-18T05:00:00,27,72.78,0.5,30.6,22,249.2,1004,100,,remote,obs
"Talisay, Daanbantayan, Cebu",2026-01-18T06:00:00,27.1,71.92,0.1,28.1,16.9,228.2,1005,98.9,,remote,obs
"Talisay, Daanbantayan, Cebu",2026-01-18T07:00:00,27.4,71.97,0,27,17.3,222.2,1006,98.6,,remote,obs
"Talisay, Daanbantayan, Cebu",2026-01-18T08:00:00,27.6,72.89,0,26.3,18.4,220.3,1006,99.2,,remote,obs
"Talisay, Daanbantayan, Cebu",2026-01-18T09:00:00,27.5,76.04,0,25.9,19.8,222.9,1006,98.2,,remote,obs
"Talisay, Daanbantayan, Cebu",2026-01-18T10:00:00,27.5,77.9,0,26.3,19.4,224.5,1006,95.3,,remote,obs
"Talisay, Daanbantayan, Cebu",2026-01-18T11:00:00,27.5,78.37,0,26.3,19.1,229.9,1006,90,,remote,obs
"Talisay, Daanbantayan, Cebu",2026-01-18T12:00:00,27.7,77.46,0,25.9,18,241.3,1005,95.1,,remote,obs
"Talisay, Daanbantayan, Cebu",2026-01-18T13:00:00,27.8,76.54,0,24.8,17.6,253.6,1004,89.6,,remote,obs
"Talisay, Daanbantayan, Cebu",2026-01-18T14:00:00,28,74.75,0,22.3,16.9,267.5,1004,93,,remote,obs
"Talisay, Daanbantayan, Cebu",2026-01-18T15:00:00,28.1,73.86,0,23.4,18,287.8,1004,80.6,,remote,obs
"Talisay, Daanbantayan, Cebu",2026-01-18T16:00:00,28.1,73.42,0,24.1,18,303.3,1004,67.5,,remote,obs
"Talisay, Daanbantayan, Cebu",2026-01-18T17:00:00,28,73.85,0,23.8,18,314.8,1004,20.6,,remote,obs
"Talisay, Daanbantayan, Cebu",2026-01-18T18:00:00,27.5,77.43,0,25.2,19.8,317.3,1005,17.5,,remote,obs
"Talisay, Daanbantayan, Cebu",2026-01-18T19:00:00,27.5,77.9,0,26.3,20.5,310.7,1005,33.4,,remote,obs
"Talisay, Daanbantayan, Cebu",2026-01-18T20:00:00,27.6,78.38,0,26.6,21.2,302.2,1006,52.6,,remote,obs
"Talisay, Daanbantayan, Cebu",2026-01-18T21:00:00,27.7,77.93,0,26.6,22,295.4,1007,76.8,,remote,obs
"Talisay, Daanbantayan, Cebu",2026-01-18T22:00:00,27.7,77.93,0,26.6,22.3,292.8,1007,66.1,,remote,obs
"Talisay, Daanbantayan, Cebu",2026-01-18T23:00:00,27.7,77.46,0,26.6,22.3,291.8,1007,55.3,,remote,obs
"Talisay, Daanbantayan, Cebu",2026-01-19T00:00:00,27.6,77.44,0,25.2,20.9,292.3,1006,40,,remote,obs
"Talisay, Daanbantayan, Cebu",2026-01-19T01:00:00,27.5,77.9,0,23.4,18.7,294.7,1006,48,,remote,obs
"Talisay, Daanbantayan, Cebu",2026-01-19T02:00:00,27.4,78.83,0,19.8,16.9,298.1,1006,49.8,,remote,obs
"Talisay, Daanbantayan, Cebu",2026-01-19T03:00:00,27.4,79.31,0,21.2,14.4,291.4,1006,57,,remote,obs
"Talisay, Daanbantayan, Cebu",2026-01-19T04:00:00,27.4,79.79,0,19.4,13.7,284.3,1006,70.2,,remote,obs
"Talisay, Daanbantayan, Cebu",2026-01-19T05:00:00,27.3,80.74,0,18.7,13.3,281.8,1006,54.5,,remote,obs
"Talisay, Daanbantayan, Cebu",2026-01-19T06:00:00,27.2,77.38,0,18.7,14.4,279.9,1007,36.3,,remote,obs
"Talisay, Daanbantayan, Cebu",2026-01-19T07:00:00,27.1,78.31,0,19.1,14.8,279.1,1007,28.1,,remote,obs
"Talisay, Daanbantayan, Cebu",2026-01-19T08:00:00,27.1,78.79,0,19.1,15.1,280.9,1008,28.7,,remote,obs
"Talisay, Daanbantayan, Cebu",2026-01-19T09:00:00,27.2,78.33,0,18.7,14.8,277.3,1009,24.1,,remote,obs
"Talisay, Daanbantayan, Cebu",2026-01-19T10:00:00,27.2,78.8,0,18,14.4,278.3,1009,21.5,,remote,obs
"Talisay, Daanbantayan, Cebu",2026-01-19T11:00:00,27.1,79.27,0,18,15.5,288.8,1009,19.1,,remote,obs
"Talisay, Daanbantayan, Cebu",2026-01-19T12:00:00,27.1,79.75,0,19.4,17.3,300.2,1008,25.3,,remote,obs
"Talisay, Daanbantayan, Cebu",2026-01-19T13:00:00,27.1,79.75,0,21.2,18.7,307.6,1007,20.7,,remote,obs
"Talisay, Daanbantayan, Cebu",2026-01-19T14:00:00,27,80.22,0,22.7,19.8,314.3,1006,25,,remote,obs
"Talisay, Daanbantayan, Cebu",2026-01-19T15:00:00,27,80.22,0,27,20.2,320.4,1006,13.3,,remote,obs
"Talisay, Daanbantayan, Cebu",2026-01-19T16:00:00,26.9,81.18,0,28.1,20.9,327.3,1006,13.8,,remote,obs
"Talisay, Daanbantayan, Cebu",2026-01-19T17:00:00,26.9,81.67,0,28.4,21.2,330.1,1006,19.9,,remote,obs
"Talisay, Daanbantayan, Cebu",2026-01-19T18:00:00,27.1,79.75,0,28.4,19.1,337,1007,12.4,,remote,obs
"Talisay, Daanbantayan, Cebu",2026-01-19T19:00:00,27.1,79.75,0,27.4,18,335.2,1007,8.4,,remote,obs
"Talisay, Daanbantayan, Cebu",2026-01-19T20:00:00,27.1,79.27,0,26.3,17.6,332.7,1008,13.5,,remote,obs
"Talisay, Daanbantayan, Cebu",2026-01-19T21:00:00,27,80.22,0,25.2,18,328.8,1008,4.3,,remote,obs
"Talisay, Daanbantayan, Cebu",2026-01-19T22:00:00,26.9,80.69,0,24.5,18.4,326.3,1008,5.1,,remote,obs
"Talisay, Daanbantayan, Cebu",2026-01-19T23:00:00,26.9,80.69,0,23.8,18,327,1008,9.2,,remote,obs
"Talisay, Daanbantayan, Cebu",2026-01-20T00:00:00,26.7,81.15,0,23.4,17.3,331.4,1008,13,,remote,obs
"Talisay, Daanbantayan, Cebu",2026-01-20T01:00:00,26.6,81.63,0,23.8,15.8,335.5,1007,7.9,,remote,obs
"Talisay, Daanbantayan, Cebu",2026-01-20T02:00:00,26.5,82.11,0.1,23.8,15.1,335.8,1007,19.1,,remote,obs
"Talisay, Daanbantayan, Cebu",2026-01-20T03:00:00,26.3,83.09,0.1,20.9,15.1,329.5,1007,24.5,,remote,obs
"Talisay, Daanbantayan, Cebu",2026-01-20T04:00:00,26.3,82.59,0.1,21.6,15.8,328.3,1008,29.9,,remote,obs
"Talisay, Daanbantayan, Cebu",2026-01-20T05:00:00,26.3,80.61,0.1,22,15.8,330,1008,40.4,,remote,obs
"Talisay, Daanbantayan, Cebu",2026-01-20T06:00:00,26.3,81.1,0.1,21.6,15.8,326.4,1009,50.6,,remote,obs
"Talisay, Daanbantayan, Cebu",2026-01-20T07:00:00,26.4,80.14,0,20.2,14.8,331.3,1010,41.8,,remote,obs
"Talisay, Daanbantayan, Cebu",2026-01-20T08:00:00,26.5,80.15,0,18.4,13.3,333.9,1010,47.2,,remote,obs
"Talisay, Daanbantayan, Cebu",2026-01-20T09:00:00,26.6,79.68,0,18.4,12.2,332.1,1011,34.1,,remote,obs
"Talisay, Daanbantayan, Cebu",2026-01-20T10:00:00,26.6,80.16,0,19.4,10.8,331.2,1011,46.7,,remote,obs
"Talisay, Daanbantayan, Cebu",2026-01-20T11:00:00,26.7,79.69,0,20.2,11.5,327.8,1011,32.3,,remote,obs
"Talisay, Daanbantayan, Cebu",2026-01-20T12:00:00,26.7,80.18,0,21.6,13,324.5,1010,16.4,,remote,obs
"Talisay, Daanbantayan, Cebu",2026-01-20T13:00:00,26.7,80.18,0,22.7,13,323.9,1009,15,,remote,obs
"Talisay, Daanbantayan, Cebu",2026-01-20T14:00:00,26.8,79.22,0,23.4,13.3,327.1,1008,4.8,,remote,obs
"Talisay, Daanbantayan, Cebu",2026-01-20T15:00:00,26.9,78.76,0,19.4,14.4,331.5,1008,6.1,,remote,obs
"Talisay, Daanbantayan, Cebu",2026-01-20T16:00:00,27,78.3,0,20.2,15.1,335.7,1008,8.9,,remote,obs
"Talisay, Daanbantayan, Cebu",2026-01-20T17:00:00,27.1,77.84,0,20.5,15.5,340.7,1008,11.4,,remote,obs
"Talisay, Daanbantayan, Cebu",2026-01-20T18:00:00,27.1,77.84,0,20.9,14.8,347.3,1008,7.9,,remote,obs
"Talisay, Daanbantayan, Cebu",2026-01-20T19:00:00,27.2,76.45,0,22.3,16.2,357,1009,15.1,,remote,obs
"Talisay, Daanbantayan, Cebu",2026-01-20T20:00:00,27.1,76.9,0,24.5,18.7,7,1009,14.9,,remote,obs
"Talisay, Daanbantayan, Cebu",2026-01-20T21:00:00,26.9,78.76,0,27.4,20.5,12.1,1010,9,,remote,obs
"Talisay, Daanbantayan, Cebu",2026-01-20T22:00:00,26.7,80.18,0,29.2,20.9,14.3,1010,9.6,,remote,obs
"Talisay, Daanbantayan, Cebu",2026-01-20T23:00:00,26.4,82.1,0.1,31,21.6,17.2,1010,21.7,,remote,obs
"Talisay, Daanbantayan, Cebu",2026-01-21T00:00:00,26.2,83.58,0.1,32,22.7,18.4,1010,33.6,,remote,obs
"Talisay, Daanbantayan, Cebu",2026-01-21T01:00:00,26,84.07,0.1,32,23.4,19.6,1010,71.3,,remote,obs
"Talisay, Daanbantayan, Cebu",2026-01-21T02:00:00,26,83.06,0,31,24.5,20.2,1009,96.2,,remote,obs
"Talisay, Daanbantayan, Cebu",2026-01-21T03:00:00,26,81.56,0.1,32.8,25.2,19.2,1009,96.7,,remote,obs
"Talisay, Daanbantayan, Cebu",2026-01-21T04:00:00,26.1,80.1,0.1,35.3,26.6,18.4,1009,97.2,,remote,obs
"Talisay, Daanbantayan, Cebu",2026-01-21T05:00:00,26.1,79.13,0.1,37.4,28.4,20.5,1010,91.1,,remote,obs
"Talisay, Daanbantayan, Cebu",2026-01-21T06:00:00,26.1,79.13,0.1,38.9,29.9,19.1,1011,90.9,,remote,obs
"Talisay, Daanbantayan, Cebu",2026-01-21T07:00:00,26.1,78.65,0,39.6,30.6,21.4,1011,80.1,,remote,obs
"Talisay, Daanbantayan, Cebu",2026-01-21T08:00:00,26.3,77.72,0,40.3,30.6,24.5,1012,42.6,,remote,obs
"Talisay, Daanbantayan, Cebu",2026-01-21T09:00:00,26.4,77.26,0,40.3,29.9,26.9,1012,8.9,,remote,obs
"Talisay, Daanbantayan, Cebu",2026-01-21T10:00:00,26.4,77.26,0,39.6,29.5,27.1,1012,22.8,,remote,obs
"Talisay, Daanbantayan, Cebu",2026-01-21T11:00:00,26.5,76.81,0,40,29.5,23.7,1012,31,,remote,obs
"Talisay, Daanbantayan, Cebu",2026-01-21T12:00:00,26.6,76.36,0,39.6,29.9,19.7,1011,24.6,,remote,obs
"Talisay, Daanbantayan, Cebu",2026-01-21T13:00:00,26.7,75.45,0,40,29.5,15.9,1010,13.4,,remote,obs
"Talisay, Daanbantayan, Cebu",2026-01-21T14:00:00,26.9,73.66,0,40,29.5,13,1009,6.8,,remote,obs
"Talisay, Daanbantayan, Cebu",2026-01-21T15:00:00,27,73.23,0,40.3,31,12.4,1009,16.2,,remote,obs
"Talisay, Daanbantayan, Cebu",2026-01-21T16:00:00,27,73.23,0,41.4,31.3,13.5,1009,40.3,,remote,obs
"Talisay, Daanbantayan, Cebu",2026-01-21T17:00:00,27,72.78,0,43.2,32.8,15.9,1009,68.5,,remote,obs
"Talisay, Daanbantayan, Cebu",2026-01-21T18:00:00,26.7,73.63,0,45.4,32.4,16.1,1010,45.3,,remote,obs
"Talisay, Daanbantayan, Cebu",2026-01-21T19:00:00,26.5,74.96,0,47.5,34.2,18.6,1011,27.1,,remote,obs
"Talisay, Daanbantayan, Cebu",2026-01-21T20:00:00,26.1,76.28,0.2,48.2,34.9,22.1,1012,27.7,,remote,obs
"Talisay, Daanbantayan, Cebu",2026-01-21T21:00:00,26.1,77.22,0.1,48.6,34.9,24.2,1012,30.8,,remote,obs
"Talisay, Daanbantayan, Cebu",2026-01-21T22:00:00,25.9,79.1,0,47.5,34.9,25.4,1012,27.3,,remote,obs
"Talisay, Daanbantayan, Cebu",2026-01-21T23:00:00,25.7,80.04,0.1,46.8,36,26.2,1012,36.2,,remote,obs
"Talisay, Daanbantayan, Cebu",2026-01-22T00:00:00,25.6,81.01,0.1,47.9,36.7,27.4,1012,44.2,,remote,obs
"Talisay, Daanbantayan, Cebu",2026-01-22T01:00:00,25.7,80.53,0.1,47.5,35.6,26.4,1012,47.9,,remote,obs
"Talisay, Daanbantayan, Cebu",2026-01-22T02:00:00,25.5,81,0.1,47.2,35.6,25.1,1012,50.6,,remote,obs
"Talisay, Daanbantayan, Cebu",2026-01-22T03:00:00,25.5,80.51,0.1,49,36.4,25.2,1011,38,,remote,obs
"Talisay, Daanbantayan, Cebu",2026-01-22T04:00:00,25.6,80.03,0.1,49.7,37.1,26,1012,32.1,,remote,obs
"Talisay, Daanbantayan, Cebu",2026-01-22T05:00:00,25.6,79.54,0,50,37.4,27,1012,21.5,,remote,obs
"Talisay, Daanbantayan, Cebu",2026-01-22T06:00:00,25.7,76.69,0,51.5,36.7,23.7,1013,24.4,,remote,obs
"Talisay, Daanbantayan, Cebu",2026-01-22T07:00:00,25.8,76.24,0,52.6,38.2,22.6,1013,18.6,,remote,obs
"Talisay, Daanbantayan, Cebu",2026-01-22T08:00:00,25.7,77.16,0,55.1,40.3,24,1014,20.5,,remote,obs
"Talisay, Daanbantayan, Cebu",2026-01-22T09:00:00,25.7,77.16,0.1,56.9,40.7,26.7,1014,18.2,,remote,obs
"Talisay, Daanbantayan, Cebu",2026-01-22T10:00:00,25.8,75.77,0.1,57.2,40,27.6,1014,34,,remote,obs
"Talisay, Daanbantayan, Cebu",2026-01-22T11:00:00,26,73.51,0,56.9,39.6,26.5,1014,22.2,,remote,obs
"Talisay, Daanbantayan, Cebu",2026-01-22T12:00:00,26.2,70.88,0,55.1,39.6,24.4,1013,20.7,,remote,obs
"Talisay, Daanbantayan, Cebu",2026-01-22T13:00:00,26.4,69.18,0,54,39.2,22.6,1012,17.6,,remote,obs
"Talisay, Daanbantayan, Cebu",2026-01-22T14:00:00,26.6,65.07,0,52.6,38.5,20.2,1011,18,,remote,obs
"Talisay, Daanbantayan, Cebu",2026-01-22T15:00:00,26.7,62.7,0,51.8,38.5,19.2,1011,18.6,,remote,obs
"Talisay, Daanbantayan, Cebu",2026-01-22T16:00:00,26.7,61.92,0,51.1,38.2,20.5,1011,14.5,,remote,obs
"Talisay, Daanbantayan, Cebu",2026-01-22T17:00:00,26.8,61.56,0,51.1,38.2,23.7,1011,10.4,,remote,obs
"Talisay, Daanbantayan, Cebu",2026-01-22T18:00:00,26.8,63.11,0,51.1,36.7,26,1012,20.2,,remote,obs
"Talisay, Daanbantayan, Cebu",2026-01-22T19:00:00,26.7,64.68,0,51.5,38.2,29.4,1013,16.1,,remote,obs
"Talisay, Daanbantayan, Cebu",2026-01-22T20:00:00,26.3,68.31,0,52.2,39.2,30.5,1013,7.9,,remote,obs
"Talisay, Daanbantayan, Cebu",2026-01-22T21:00:00,25.9,72.15,0,53.6,40,30.7,1014,8.1,,remote,obs
"Talisay, Daanbantayan, Cebu",2026-01-22T22:00:00,25.6,74.35,0,54.7,40.3,31.8,1014,3.1,,remote,obs
"Talisay, Daanbantayan, Cebu",2026-01-22T23:00:00,25.6,74.35,0,55.1,40,33,1014,10.5,,remote,obs
"Talisay, Daanbantayan, Cebu",2026-01-23T00:00:00,25.5,75.26,0.1,54.4,39.6,34.8,1014,14.5,,remote,obs
"Talisay, Daanbantayan, Cebu",2026-01-23T01:00:00,25.4,76.17,0.1,53.3,39.2,36.6,1013,18.8,,remote,obs
"Talisay, Daanbantayan, Cebu",2026-01-23T02:00:00,25.3,76.63,0.1,50.8,38.5,37.6,1013,20.9,,remote,obs
"Talisay, Daanbantayan, Cebu",2026-01-23T03:00:00,25.3,76.63,0.1,51.8,37.1,37.9,1013,19.3,,remote,obs
"Talisay, Daanbantayan, Cebu",2026-01-23T04:00:00,25.3,76.63,0.1,50,36.4,38.6,1013,18.2,,remote,obs
"Talisay, Daanbantayan, Cebu",2026-01-23T05:00:00,25.3,76.63,0.1,49,35.6,38.5,1014,19.1,,remote,obs
"Talisay, Daanbantayan, Cebu",2026-01-23T06:00:00,25.1,77.55,0.2,47.2,33.1,31.6,1015,51.9,,remote,obs
"Talisay, Daanbantayan, Cebu",2026-01-23T07:00:00,25.1,78.5,0.1,46.1,33.5,31.5,1015,36.5,,remote,obs
"Talisay, Daanbantayan, Cebu",2026-01-23T08:00:00,25.3,78.05,0,45.4,33.5,31.1,1016,57.9,,remote,obs
"Talisay, Daanbantayan, Cebu",2026-01-23T09:00:00,25.3,78.53,0,44.3,33.5,31.6,1016,73.4,,remote,obs
"Talisay, Daanbantayan, Cebu",2026-01-23T10:00:00,25.5,76.66,0,43.9,32.8,31.1,1016,61.8,,remote,obs
"Talisay, Daanbantayan, Cebu",2026-01-23T11:00:00,25.7,75.29,0,43.6,32.4,28.2,1016,65,,remote,obs
"Talisay, Daanbantayan, Cebu",2026-01-23T12:00:00,25.9,73.95,0,42.5,32.4,27,1015,36.1,,remote,obs
"Talisay, Daanbantayan, Cebu",2026-01-23T13:00:00,26.1,72.18,0,41.4,32.4,26.1,1014,45.5,,remote,obs
"Talisay, Daanbantayan, Cebu",2026-01-23T14:00:00,26.3,70.46,0,41.4,32.4,26.6,1013,29.1,,remote,obs
"Talisay, Daanbantayan, Cebu",2026-01-23T15:00:00,26.4,70.04,0,44.3,33.8,28.7,1013,17,,remote,obs
"Talisay, Daanbantayan, Cebu",2026-01-23T16:00:00,26.5,69.63,0,46.4,35.6,32.8,1013,21.9,,remote,obs
"Talisay, Daanbantayan, Cebu",2026-01-23T17:00:00,26.3,70.89,0,47.9,36.4,36.5,1013,26.8,,remote,obs
"Talisay, Daanbantayan, Cebu",2026-01-23T18:00:00,25.9,73.04,0,47.9,32.4,34.4,1014,15.1,,remote,obs
"Talisay, Daanbantayan, Cebu",2026-01-23T19:00:00,25.9,72.59,0,47.5,31.7,34.7,1014,28,,remote,obs
"Talisay, Daanbantayan, Cebu",2026-01-23T20:00:00,25.9,72.15,0,47.2,31.7,34.6,1014,22.8,,remote,obs
"Talisay, Daanbantayan, Cebu",2026-01-23T21:00:00,25.9,71.7,0,46.4,31.3,35.5,1015,12.2,,remote,obs
"Talisay, Daanbantayan, Cebu",2026-01-23T22:00:00,25.8,72.13,0,45.4,32,32.8,1015,14.4,,remote,obs
"Talisay, Daanbantayan, Cebu",2026-01-23T23:00:00,25.9,71.7,0,43.9,32.4,29.8,1015,16.4,,remote,obs
"Talisay, Daanbantayan, Cebu",2026-01-24T00:00:00,25.8,72.13,0,42.8,34.2,31.8,1015,17.9,,remote,obs
"Talisay, Daanbantayan, Cebu",2026-01-24T01:00:00,25.8,72.13,0,41.4,35.6,37.4,1014,25.4,,remote,obs
"Talisay, Daanbantayan, Cebu",2026-01-24T02:00:00,25.7,72.11,0,43.2,35.6,42.4,1013,22.2,,remote,obs
"Talisay, Daanbantayan, Cebu",2026-01-24T03:00:00,25.6,72.54,0,47.9,35.6,43.8,1013,24.4,,remote,obs
"Talisay, Daanbantayan, Cebu",2026-01-24T04:00:00,25.4,73.41,0,48.6,35.6,45.8,1013,18.2,,remote,obs
"Talisay, Daanbantayan, Cebu",2026-01-24T05:00:00,25.4,73.86,0,48.2,35.6,47.3,1014,16.2,,remote,obs
"Talisay, Daanbantayan, Cebu",2026-01-24T06:00:00,25.5,75.26,0,47.9,32,40.5,1014,36.4,,remote,obs
"Talisay, Daanbantayan, Cebu",2026-01-24T07:00:00,25.5,74.79,0,46.4,32.4,39.5,1015,40.6,,remote,obs
"Talisay, Daanbantayan, Cebu",2026-01-24T08:00:00,25.6,73.44,0,45.4,32.8,40.4,1015,51.7,,remote,obs
"Talisay, Daanbantayan, Cebu",2026-01-24T09:00:00,25.7,72.11,0,45,32,39.7,1016,51.4,,remote,obs
"Talisay, Daanbantayan, Cebu",2026-01-24T10:00:00,25.9,69.95,0,44.3,30.6,36.6,1016,74.9,,remote,obs
"Talisay, Daanbantayan, Cebu",2026-01-24T11:00:00,26.1,68.27,0,43.6,30.6,32.9,1015,87.3,,remote,obs
"Talisay, Daanbantayan, Cebu",2026-01-24T12:00:00,26.4,65.84,0,43.2,29.9,30.5,1014,92.2,,remote,obs
"Talisay, Daanbantayan, Cebu",2026-01-24T13:00:00,26.6,64.26,0,42.1,29.2,26.9,1013,96.7,,remote,obs
"Talisay, Daanbantayan, Cebu",2026-01-24T14:00:00,26.8,62.72,0,41.8,31,26.3,1013,100,,remote,obs
"Talisay, Daanbantayan, Cebu",2026-01-24T15:00:00,26.9,61.97,0,41.8,32.4,27.3,1013,95.1,,remote,obs
"Talisay, Daanbantayan, Cebu",2026-01-24T16:00:00,26.9,62.35,0,43.2,33.8,28.6,1012,94.5,,remote,obs
"Talisay, Daanbantayan, Cebu",2026-01-24T17:00:00,26.8,63.11,0,46.1,35.6,32.2,1013,97.7,,remote,obs
"Talisay, Daanbantayan, Cebu",2026-01-24T18:00:00,26.6,65.88,0,48.6,33.1,28.8,1013,76.3,,remote,obs
"Talisay, Daanbantayan, Cebu",2026-01-24T19:00:00,26.4,65.43,0,49,34.2,32.6,1014,73.5,,remote,obs
"Talisay, Daanbantayan, Cebu",2026-01-24T20:00:00,26.3,64.6,0,48.2,33.8,34.8,1015,74.8,,remote,obs
"Talisay, Daanbantayan, Cebu",2026-01-24T21:00:00,26.1,64.96,0,46.4,31.7,34.2,1015,49.4,,remote,obs
"Talisay, Daanbantayan, Cebu",2026-01-24T22:00:00,26.1,64.96,0,43.9,29.9,33.3,1015,60.1,,remote,obs
"Talisay, Daanbantayan, Cebu",2026-01-24T23:00:00,26.1,64.96,0,41,29.2,31,1015,55.3,,remote,obs
"Talisay, Daanbantayan, Cebu",2026-01-25T00:00:00,26.1,65.77,0,39.2,28.4,31.7,1015,69.9,,remote,obs
"Talisay, Daanbantayan, Cebu",2026-01-25T01:00:00,26.1,66.19,0,37.1,26.6,31.9,1014,79.9,,remote,obs
"Talisay, Daanbantayan, Cebu",2026-01-25T02:00:00,26.1,66.6,0,34.2,24.8,30.6,1014,76,,remote,obs
"Talisay, Daanbantayan, Cebu",2026-01-25T03:00:00,26.1,67.01,0,32.4,23.4,31.3,1013,60.2,,remote,obs
"Talisay, Daanbantayan, Cebu",2026-01-25T04:00:00,26.2,67.45,0,31.3,23.4,33.5,1013,76.7,,remote,obs
"Talisay, Daanbantayan, Cebu",2026-01-25T05:00:00,26.2,69.15,0,31.3,23.8,37.3,1013,91.4,,remote,obs
"Talisay, Daanbantayan, Cebu",2026-01-25T06:00:00,26.1,68.27,0,31.7,24.5,34.4,1014,99.3,,remote,obs
"Talisay, Daanbantayan, Cebu",2026-01-25T07:00:00,26.1,69.13,0,31.7,23.8,40,1015,100,,remote,obs
"Talisay, Daanbantayan, Cebu",2026-01-25T08:00:00,26.2,69.57,0,30.6,22.3,38.6,1015,100,,remote,obs
"Talisay, Daanbantayan, Cebu",2026-01-25T09:00:00,26.3,70.02,0,29.5,22.7,34.8,1015,100,,remote,obs
"Talisay, Daanbantayan, Cebu",2026-01-25T10:00:00,26.3,71.33,0,29.9,22.7,31.9,1015,100,,remote,obs
"Talisay, Daanbantayan, Cebu",2026-01-25T11:00:00,26.3,73.11,0,31,23,28,1014,100,,remote,obs
"Talisay, Daanbantayan, Cebu",2026-01-25T12:00:00,26.6,73.16,0,31.3,23.8,22.3,1013,99.4,,remote,obs
"Talisay, Daanbantayan, Cebu",2026-01-25T13:00:00,26.9,72.32,0,31.3,23,13,1013,100,,remote,obs
"Talisay, Daanbantayan, Cebu",2026-01-25T14:00:00,27.1,73.69,0,31,22,1.4,1012,100,,remote,obs
"Talisay, Daanbantayan, Cebu",2026-01-25T15:00:00,27,76.42,0,28.4,22.3,354.3,1011,99.6,,remote,obs
"Talisay, Daanbantayan, Cebu",2026-01-25T16:00:00,26.8,77.8,0,30.6,24.1,358.1,1012,93.8,,remote,obs
"Talisay, Daanbantayan, Cebu",2026-01-25T17:00:00,26.5,80.15,0,34.9,27.4,9.7,1012,93.9,,remote,obs
"Talisay, Daanbantayan, Cebu",2026-01-25T18:00:00,26.8,78.75,0,40.3,25.9,14.1,1013,99.9,,remote,obs
"Talisay, Daanbantayan, Cebu",2026-01-25T19:00:00,26.6,80.65,0,40.7,28.4,15.4,1013,100,,remote,obs
"Talisay, Daanbantayan, Cebu",2026-01-25T20:00:00,26.5,80.64,0,41,29.2,20.1,1014,100,,remote,obs
"Talisay, Daanbantayan, Cebu",2026-01-25T21:00:00,26.5,80.64,0.2,41,28.1,25.4,1015,100,,remote,obs
"Talisay, Daanbantayan, Cebu",2026-01-25T22:00:00,26.3,82.59,0.1,39.2,26.6,25.2,1014,100,,remote,obs
"Talisay, Daanbantayan, Cebu",2026-01-25T23:00:00,26.2,83.58,0,34.9,25.6,22.9,1014,100,,remote,obs
"Talisay, Daanbantayan, Cebu",2026-01-26T00:00:00,26.1,84.59,0.1,36,26.3,24.4,1013,100,,remote,obs
"Talisay, Daanbantayan, Cebu",2026-01-26T01:00:00,26,85.09,0.3,38.5,28.1,33.6,1013,100,,remote,obs
"Talisay, Daanbantayan, Cebu",2026-01-26T02:00:00,25.9,85.6,0.9,39.6,29.9,40.8,1012,100,,remote,obs
"Talisay, Daanbantayan, Cebu",2026-01-26T03:00:00,25.9,85.6,0.1,38.5,28.8,42.2,1012,100,,remote,obs
"Talisay, Daanbantayan, Cebu",2026-01-26T04:00:00,26.1,85.1,0.1,35.6,27.7,42.1,1012,100,,remote,obs
"Talisay, Daanbantayan, Cebu",2026-01-26T05:00:00,26,87.17,0.1,34.9,27,41.8,1012,100,,remote,obs
"Talisay, Daanbantayan, Cebu",2026-01-26T06:00:00,26.2,86.66,0.2,34.6,24.8,27.3,1012,100,,remote,obs
"Talisay, Daanbantayan, Cebu",2026-01-26T07:00:00,26.2,87.19,0.3,35.6,26.6,32.8,1013,100,,remote,obs
"Talisay, Daanbantayan, Cebu",2026-01-26T08:00:00,26.2,86.66,0.4,35.6,26.3,39.7,1014,100,,remote,obs
"Talisay, Daanbantayan, Cebu",2026-01-26T09:00:00,26.3,85.63,0.2,36,25.6,42.9,1014,100,,remote,obs
"Talisay, Daanbantayan, Cebu",2026-01-26T10:00:00,26.1,87.18,0.5,34.6,25.2,45.3,1014,100,,remote,obs
"Talisay, Daanbantayan, Cebu",2026-01-26T11:00:00,26.1,87.18,0.3,34.2,26.6,47,1014,100,,remote,obs
"Talisay, Daanbantayan, Cebu",2026-01-26T12:00:00,26.2,86.14,0.3,35.6,27.7,49.2,1013,100,,remote,obs
"Talisay, Daanbantayan, Cebu",2026-01-26T13:00:00,26.3,85.63,0.3,37.8,27.7,49.7,1012,100,,remote,obs
"Talisay, Daanbantayan, Cebu",2026-01-26T14:00:00,26.4,85.13,0.2,37.4,26.6,48.9,1011,100,,remote,obs
"Talisay, Daanbantayan, Cebu",2026-01-26T15:00:00,26.4,85.64,0.3,36.4,27,53.5,1011,100,,remote,obs
"Talisay, Daanbantayan, Cebu",2026-01-26T16:00:00,26.4,85.64,0.5,36.4,25.9,55.5,1011,100,,remote,obs
"Talisay, Daanbantayan, Cebu",2026-01-26T17:00:00,26.3,86.67,0.3,36,24.8,55.6,1012,100,,remote,obs
"Talisay, Daanbantayan, Cebu",2026-01-26T18:00:00,26.1,85.61,0.7,32.4,23,48.8,1012,100,,remote,obs
"Talisay, Daanbantayan, Cebu",2026-01-26T19:00:00,26.3,85.63,0.2,32.8,24.8,41.9,1012,100,,remote,obs
"Talisay, Daanbantayan, Cebu",2026-01-26T20:00:00,26.4,85.13,0.1,34.2,26.6,42.8,1012,100,,remote,obs
"Talisay, Daanbantayan, Cebu",2026-01-26T21:00:00,26.3,86.15,0,36.4,28.1,43,1013,100,,remote,obs
"Talisay, Daanbantayan, Cebu",2026-01-26T22:00:00,26.1,87.18,0.1,38.5,27.4,46.5,1012,100,,remote,obs
"Talisay, Daanbantayan, Cebu",2026-01-26T23:00:00,26.1,87.18,0.1,40.3,25.2,51.4,1013,99,,remote,obs
"Talisay, Daanbantayan, Cebu",2026-01-27T00:00:00,26,87.17,0.1,40.7,23.8,56,1012,99.9,,remote,obs
"Talisay, Daanbantayan, Cebu",2026-01-27T01:00:00,25.9,87.69,0.1,40.7,23,58.8,1012,99.6,,remote,obs
"Talisay, Daanbantayan, Cebu",2026-01-27T02:00:00,26,87.17,0.1,39.6,20.9,59.3,1011,99.6,,remote,obs
"Talisay, Daanbantayan, Cebu",2026-01-27T03:00:00,26.1,86.13,0.1,27,20.5,58.6,1011,97.2,,remote,obs
"Talisay, Daanbantayan, Cebu",2026-01-27T04:00:00,26.1,86.13,0.1,26.6,20.2,57.2,1011,95.4,,remote,obs
"Talisay, Daanbantayan, Cebu",2026-01-27T05:00:00,26,86.64,0.3,27.7,21.2,59.4,1012,97,,remote,obs
"Talisay, Daanbantayan, Cebu",2026-01-27T06:00:00,26,86.12,0.1,28.1,22,51,1013,95.1,,remote,obs
"Talisay, Daanbantayan, Cebu",2026-01-27T07:00:00,26.1,86.13,0,28.4,21.6,54.8,1013,83.5,,remote,obs
"Talisay, Daanbantayan, Cebu",2026-01-27T08:00:00,26.2,85.11,0,28.1,21.6,49.5,1014,62.2,,remote,obs
"Talisay, Daanbantayan, Cebu",2026-01-27T09:00:00,26.3,84.61,0,29.5,23.4,48.3,1014,63.4,,remote,obs
"Talisay, Daanbantayan, Cebu",2026-01-27T10:00:00,26.3,84.61,0,31.3,25.6,53.1,1014,44.9,,remote,obs
"Talisay, Daanbantayan, Cebu",2026-01-27T11:00:00,26.3,84.61,0,32,24.8,55.4,1014,42.3,,remote,obs
"Talisay, Daanbantayan, Cebu",2026-01-27T12:00:00,26.4,84.62,0,31.3,22.7,53.5,1013,45.3,,remote,obs
"Talisay, Daanbantayan, Cebu",2026-01-27T13:00:00,26.6,83.63,0,28.4,23.4,50.6,1012,34.7,,remote,obs
"Talisay, Daanbantayan, Cebu",2026-01-27T14:00:00,26.7,82.64,0,27.4,24.5,47.5,1011,59.1,,remote,obs
"Talisay, Daanbantayan, Cebu",2026-01-27T15:00:00,26.7,82.14,0,33.1,25.2,44.7,1011,51.2,,remote,obs
"Talisay, Daanbantayan, Cebu",2026-01-27T16:00:00,26.5,82.61,0,32.8,25.6,43.5,1011,57.2,,remote,obs
"Talisay, Daanbantayan, Cebu",2026-01-27T17:00:00,26.5,83.11,0,34.2,27,46.9,1012,71.2,,remote,obs
"Talisay, Daanbantayan, Cebu",2026-01-27T18:00:00,26.7,82.14,0.1,37.1,25.6,40.9,1012,80,,remote,obs
"Talisay, Daanbantayan, Cebu",2026-01-27T19:00:00,26.6,83.12,0,37.1,27,42.6,1013,63.9,,remote,obs
"Talisay, Daanbantayan, Cebu",2026-01-27T20:00:00,26.6,81.63,0.2,37.1,27,45.1,1013,39.3,,remote,obs
"Talisay, Daanbantayan, Cebu",2026-01-27T21:00:00,26.6,82.13,0.1,37.1,27.7,46.1,1014,27.1,,remote,obs
"Talisay, Daanbantayan, Cebu",2026-01-27T22:00:00,26.4,83.6,0,36.7,28.1,47.8,1014,22,,remote,obs
"Talisay, Daanbantayan, Cebu",2026-01-27T23:00:00,26.4,83.1,0.1,37.4,27.7,47.3,1013,26.2,,remote,obs
"Talisay, Daanbantayan, Cebu",2026-01-28T00:00:00,26.4,82.6,0.1,37.8,27.4,47.8,1013,36,,remote,obs
"Talisay, Daanbantayan, Cebu",2026-01-28T01:00:00,26.4,81.61,0.3,38.9,27.4,50.1,1012,47.6,,remote,obs
"Talisay, Daanbantayan, Cebu",2026-01-28T02:00:00,26.4,82.6,0.1,38.2,28.1,51.3,1012,43.6,,remote,obs
"Talisay, Daanbantayan, Cebu",2026-01-28T03:00:00,26.4,82.6,0,37.4,28.4,52,1011,48.8,,remote,obs
"Talisay, Daanbantayan, Cebu",2026-01-28T04:00:00,26.5,81.62,0,38.5,28.1,51.2,1012,58.6,,remote,obs
"Talisay, Daanbantayan, Cebu",2026-01-28T05:00:00,26.5,81.13,0,38.5,29.2,48.9,1012,91.1,,remote,obs
"Talisay, Daanbantayan, Cebu",2026-01-28T06:00:00,26.7,78.73,0,38.9,27,36,1013,100,,remote,obs
"Talisay, Daanbantayan, Cebu",2026-01-28T07:00:00,26.8,77.8,0,38.9,29.2,37.5,1014,100,,remote,obs
"Talisay, Daanbantayan, Cebu",2026-01-28T08:00:00,26.8,77.8,0,39.6,31,38.3,1014,97.1,,remote,obs
"Talisay, Daanbantayan, Cebu",2026-01-28T09:00:00,26.7,77.78,0,39.6,30.2,38.3,1014,66.9,,remote,obs
"Talisay, Daanbantayan, Cebu",2026-01-28T10:00:00,26.6,78.24,0,39.2,28.4,38.3,1014,42.4,,remote,obs
"Talisay, Daanbantayan, Cebu",2026-01-28T11:00:00,26.6,77.29,0,37.4,27.7,37.1,1014,33.9,,remote,obs
"Talisay, Daanbantayan, Cebu",2026-01-28T12:00:00,26.9,75.48,0,36.4,26.6,36.4,1013,39.3,,remote,obs
"Talisay, Daanbantayan, Cebu",2026-01-28T13:00:00,27.1,74.15,0,34.2,24.5,33.4,1013,47.4,,remote,obs
"Talisay, Daanbantayan, Cebu",2026-01-28T14:00:00,27.3,72.83,0,30.6,24.1,30,1012,46.6,,remote,obs
"Talisay, Daanbantayan, Cebu",2026-01-28T15:00:00,27.4,72.41,0,31,24.1,26.7,1012,48.7,,remote,obs
"Talisay, Daanbantayan, Cebu",2026-01-28T16:00:00,27.4,74.2,0,31,24.5,22.8,1012,43.1,,remote,obs
"Talisay, Daanbantayan, Cebu",2026-01-28T17:00:00,27.3,76.47,0,31.3,24.8,22.5,1012,60.5,,remote,obs
"Talisay, Daanbantayan, Cebu",2026-01-28T18:00:00,27.3,73.28,0,33.1,24.8,14.2,1013,85.1,,remote,obs
"Talisay, Daanbantayan, Cebu",2026-01-28T19:00:00,27.2,73.26,0,36.4,29.2,23.8,1013,95,,remote,obs
"Talisay, Daanbantayan, Cebu",2026-01-28T20:00:00,27,73.23,0,39.6,31,32.6,1014,92,,remote,obs
"Talisay, Daanbantayan, Cebu",2026-01-28T21:00:00,26.8,72.75,0.1,41.8,32,39.6,1015,95.4,,remote,obs
"Talisay, Daanbantayan, Cebu",2026-01-28T22:00:00,26.7,72.73,0,41.8,32,42.8,1014,95.7,,remote,obs
"Talisay, Daanbantayan, Cebu",2026-01-28T23:00:00,26.6,72.71,0,41,31.7,41.8,1015,96.3,,remote,obs
"Talisay, Daanbantayan, Cebu",2026-01-29T00:00:00,26.4,73.58,0,39.6,31.3,38.8,1014,98.3,,remote,obs
"Talisay, Daanbantayan, Cebu",2026-01-29T01:00:00,26.3,74.01,0,39.2,31.3,36.9,1014,98.5,,remote,obs
"Talisay, Daanbantayan, Cebu",2026-01-29T02:00:00,26.1,74.43,0,39.6,31.3,35.8,1013,95.1,,remote,obs
"Talisay, Daanbantayan, Cebu",2026-01-29T03:00:00,26,74.42,0,41,31,35.5,1013,94.7,,remote,obs
"Talisay, Daanbantayan, Cebu",2026-01-29T04:00:00,25.9,75.32,0,41,31.7,35.6,1013,81.7,,remote,obs
"Talisay, Daanbantayan, Cebu",2026-01-29T05:00:00,25.8,75.77,0,41.8,32.4,35.5,1013,70.1,,remote,obs
"Talisay, Daanbantayan, Cebu",2026-01-29T06:00:00,25.9,74.86,0,42.8,31.3,31.9,1014,53.7,,remote,obs
"Talisay, Daanbantayan, Cebu",2026-01-29T07:00:00,25.9,74.86,0,43.9,33.1,33.8,1014,15.9,,remote,obs
"Talisay, Daanbantayan, Cebu",2026-01-29T08:00:00,25.9,74.86,0,45,34.2,35.3,1015,24.4,,remote,obs
"Talisay, Daanbantayan, Cebu",2026-01-29T09:00:00,25.9,75.78,0,45.7,34.6,35.5,1016,21,,remote,obs
"Talisay, Daanbantayan, Cebu",2026-01-29T10:00:00,25.9,74.86,0,45.7,34.2,36.2,1016,21.2,,remote,obs
"Talisay, Daanbantayan, Cebu",2026-01-29T11:00:00,26.1,72.18,0,44.3,33.1,36.2,1015,10.1,,remote,obs
"Talisay, Daanbantayan, Cebu",2026-01-29T12:00:00,26.2,70.88,0,41,31.7,35.7,1014,14.5,,remote,obs
"Talisay, Daanbantayan, Cebu",2026-01-29T13:00:00,26.5,68.35,0,39.2,30.2,34.4,1014,23.4,,remote,obs
"Talisay, Daanbantayan, Cebu",2026-01-29T14:00:00,26.7,66.31,0,37.8,29.9,32.7,1013,45,,remote,obs
"Talisay, Daanbantayan, Cebu",2026-01-29T15:00:00,26.9,64.73,0,39.6,30.2,29.7,1013,55.3,,remote,obs
"Talisay, Daanbantayan, Cebu",2026-01-29T16:00:00,27,64.35,0,41,31.3,28.3,1012,35.9,,remote,obs
"Talisay, Daanbantayan, Cebu",2026-01-29T17:00:00,27,64.35,0,41.8,31.7,29.9,1013,29.7,,remote,obs
"Talisay, Daanbantayan, Cebu",2026-01-29T18:00:00,27.1,62.01,0,42.5,29.9,29.7,1014,29.3,,remote,obs
"Talisay, Daanbantayan, Cebu",2026-01-29T19:00:00,27,62.38,0,42.8,31.3,33.1,1015,29.8,,remote,obs
"Talisay, Daanbantayan, Cebu",2026-01-29T20:00:00,26.8,63.11,0,43.2,32.4,36.8,1015,30.7,,remote,obs
"Talisay, Daanbantayan, Cebu",2026-01-29T21:00:00,26.5,63.84,0,43.2,32.4,39.2,1016,48.2,,remote,obs
"Talisay, Daanbantayan, Cebu",2026-01-29T22:00:00,26.3,64.6,0,41.8,32,39.6,1015,65.2,,remote,obs
"Talisay, Daanbantayan, Cebu",2026-01-29T23:00:00,26.1,64.96,0,40,29.9,39.8,1015,53.9,,remote,obs
"Talisay, Daanbantayan, Cebu",2026-01-30T00:00:00,26.1,64.96,0,37.8,27,40.9,1015,45,,remote,obs
"Talisay, Daanbantayan, Cebu",2026-01-30T01:00:00,26,65.35,0,34.6,24.1,37.3,1014,54.7,,remote,obs
"Talisay, Daanbantayan, Cebu",2026-01-30T02:00:00,26,65.75,0,31.3,22.7,33.3,1014,79.5,,remote,obs
"Talisay, Daanbantayan, Cebu",2026-01-30T03:00:00,26,66.17,0,29.5,21.2,28.8,1013,95.3,,remote,obs
"Talisay, Daanbantayan, Cebu",2026-01-30T04:00:00,26.1,66.19,0,28.1,20.9,26.8,1013,99,,remote,obs
"Talisay, Daanbantayan, Cebu",2026-01-30T05:00:00,26.2,66.62,0,27.7,21.2,27.1,1014,95.9,,remote,obs
"Talisay, Daanbantayan, Cebu",2026-01-30T06:00:00,26.3,68.31,0,29.5,23.4,22.4,1014,17.4,,remote,obs
"Talisay, Daanbantayan, Cebu",2026-01-30T07:00:00,26.2,70.88,0,32,25.9,28,1015,2.8,,remote,obs
"Talisay, Daanbantayan, Cebu",2026-01-30T08:00:00,26.1,73.98,0,34.6,27.7,33.2,1016,30.5,,remote,obs
"Talisay, Daanbantayan, Cebu",2026-01-30T09:00:00,25.9,77.19,0,35.3,28.1,35.1,1016,56.1,,remote,obs
"Talisay, Daanbantayan, Cebu",2026-01-30T10:00:00,25.8,79.09,0,34.9,27,32.1,1016,67.6,,remote,obs
"Talisay, Daanbantayan, Cebu",2026-01-30T11:00:00,25.8,80.06,0,34.2,25.9,29.9,1015,57.9,,remote,obs
"Talisay, Daanbantayan, Cebu",2026-01-30T12:00:00,25.9,80.56,0,33.5,25.2,29.1,1015,38.4,,remote,obs
"Talisay, Daanbantayan, Cebu",2026-01-30T13:00:00,26,79.6,0,34.9,24.8,32.4,1014,94.5,,remote,obs
"Talisay, Daanbantayan, Cebu",2026-01-30T14:00:00,26.2,78.66,0,35.3,24.8,38.7,1013,99.1,,remote,obs
"Talisay, Daanbantayan, Cebu",2026-01-30T15:00:00,26.4,78.21,0.1,32.8,24.8,42.1,1013,100,,remote,obs
"Talisay, Daanbantayan, Cebu",2026-01-30T16:00:00,26.3,78.68,0,32.8,24.5,40,1013,97.6,,remote,obs
"Talisay, Daanbantayan, Cebu",2026-01-30T17:00:00,25.8,81.53,0.1,32.4,24.5,38.3,1013,97.2,,remote,obs
"Talisay, Daanbantayan, Cebu",2026-01-30T18:00:00,26.1,81.08,0.1,32.8,20.5,29.7,1014,99.3,,remote,obs
"Talisay, Daanbantayan, Cebu",2026-01-30T19:00:00,26.1,81.57,0.2,35.6,21.6,32.9,1015,100,,remote,obs
"Talisay, Daanbantayan, Cebu",2026-01-30T20:00:00,26.1,81.57,0.6,37.8,24.1,26,1015,100,,remote,obs
"Talisay, Daanbantayan, Cebu",2026-01-30T21:00:00,25.9,82.54,1.4,38.5,26.6,24.5,1015,99.9,,remote,obs
"Talisay, Daanbantayan, Cebu",2026-01-30T22:00:00,25.8,84.05,2.2,40.7,30.2,23.9,1014,100,,remote,obs
"Talisay, Daanbantayan, Cebu",2026-01-30T23:00:00,25.6,86.61,2.2,41,32,22.6,1014,100,,remote,obs
"Talisay, Daanbantayan, Cebu",2026-01-31T00:00:00,25.7,86.09,2.3,41.8,33.1,24.3,1014,100,,remote,obs
"Talisay, Daanbantayan, Cebu",2026-01-31T01:00:00,25.8,85.59,1.7,41.4,33.1,27,1013,100,,remote,obs
"Talisay, Daanbantayan, Cebu",2026-01-31T02:00:00,25.9,84.06,1.2,41,33.5,28.8,1012,100,,remote,obs
"Talisay, Daanbantayan, Cebu",2026-01-31T03:00:00,26,81.56,1.8,44.6,33.5,30.6,1012,99.5,,remote,obs
"Talisay, Daanbantayan, Cebu",2026-01-31T04:00:00,26.1,82.07,0.8,46.8,35.3,30.8,1012,99.5,,remote,obs
"Talisay, Daanbantayan, Cebu",2026-01-31T05:00:00,26.2,80.11,0.4,49,36,33.3,1012,100,,remote,obs
"Talisay, Daanbantayan, Cebu",2026-01-31T06:00:00,26.2,82.08,0.3,50.4,29.9,31,1012,100,,remote,obs
"Talisay, Daanbantayan, Cebu",2026-01-31T07:00:00,26.2,82.58,0.6,50,31,36,1013,99.9,,remote,obs
"Talisay, Daanbantayan, Cebu",2026-01-31T08:00:00,26.2,83.08,0.7,47.2,30.2,40.9,1014,100,,remote,obs
"Talisay, Daanbantayan, Cebu",2026-01-31T09:00:00,26.2,83.08,0.7,46.4,29.9,46.2,1014,97.3,,remote,obs
"Talisay, Daanbantayan, Cebu",2026-01-31T10:00:00,26.2,83.58,0.9,45.7,24.8,48.6,1014,100,,remote,obs
"Talisay, Daanbantayan, Cebu",2026-01-31T11:00:00,26.2,84.09,0.6,42.5,22.7,39.8,1013,99.5,,remote,obs
"Talisay, Daanbantayan, Cebu",2026-01-31T12:00:00,26.1,84.59,0.4,40.7,26.3,34.4,1013,93.4,,remote,obs
"Talisay, Daanbantayan, Cebu",2026-01-31T13:00:00,26.1,84.59,0.3,42.1,30.6,33.3,1012,69.8,,remote,obs
"Talisay, Daanbantayan, Cebu",2026-01-31T14:00:00,26.3,83.59,0.1,42.8,33.5,36.7,1011,81.4,,remote,obs
"Talisay, Daanbantayan, Cebu",2026-01-31T15:00:00,26,86.12,0.1,43.6,32.4,42.9,1011,82.4,,remote,obs
"Talisay, Daanbantayan, Cebu",2026-01-31T16:00:00,26.1,85.61,0.2,43.9,32.8,50.7,1011,88,,remote,obs
"Talisay, Daanbantayan, Cebu",2026-01-31T17:00:00,26.2,85.11,0.5,41.4,30.6,57.6,1011,71.9,,remote,obs
"Talisay, Daanbantayan, Cebu",2026-01-31T18:00:00,26.6,83.12,0.8,38.9,25.9,44.1,1012,78.7,,remote,obs
"Talisay, Daanbantayan, Cebu",2026-01-31T19:00:00,25.8,88.21,1.8,36.7,25.9,45.7,1013,92,,remote,obs
"Talisay, Daanbantayan, Cebu",2026-01-31T20:00:00,25.6,89.26,1.7,34.2,25.6,48.6,1013,93,,remote,obs
"Talisay, Daanbantayan, Cebu",2026-01-31T21:00:00,26.1,85.61,0.5,32.4,25.6,53.1,1013,82.1,,remote,obs
"Talisay, Daanbantayan, Cebu",2026-01-31T22:00:00,26.5,83.62,0.1,31.3,23.8,57.1,1014,78.5,,remote,obs
"Talisay, Daanbantayan, Cebu",2026-01-31T23:00:00,26.4,84.11,0.1,31,24.8,61,1013,71.9,,remote,obs
"Talisay, Daanbantayan, Cebu",2026-02-01T00:00:00,26.4,82.1,0.2,32.8,24.5,66.5,1013,70.7,,remote,obs
"Talisay, Daanbantayan, Cebu",2026-02-01T01:00:00,26.3,83.59,0.1,32,21.6,72.9,1012,68.2,,remote,obs
"Talisay, Daanbantayan, Cebu",2026-02-01T02:00:00,26.2,84.09,0.1,29.9,18.7,78.1,1012,78.3,,remote,obs
"Talisay, Daanbantayan, Cebu",2026-02-01T03:00:00,26.2,84.09,0.2,24.8,17.3,81.1,1011,42.4,,remote,obs
"Talisay, Daanbantayan, Cebu",2026-02-01T04:00:00,26.1,85.1,0.1,24.8,18.7,81.4,1011,24.2,,remote,obs
"Talisay, Daanbantayan, Cebu",2026-02-01T05:00:00,26.1,84.08,0.1,28.1,20.5,82.5,1012,29.4,,remote,obs
"Talisay, Daanbantayan, Cebu",2026-02-01T06:00:00,26,85.6,0.1,27,18.4,71.2,1012,29,,remote,obs
"Talisay, Daanbantayan, Cebu",2026-02-01T07:00:00,26,85.6,0,28.1,21.2,63.9,1013,31.9,,remote,obs
"Talisay, Daanbantayan, Cebu",2026-02-01T08:00:00,26.1,85.1,0,30.2,23,58.9,1013,44.3,,remote,obs
"Talisay, Daanbantayan, Cebu",2026-02-01T09:00:00,26.3,84.1,0,30.6,25.2,57.3,1014,53.7,,remote,obs
"Talisay, Daanbantayan, Cebu",2026-02-01T10:00:00,26.5,82.61,0,30.6,25.9,55.8,1014,67.8,,remote,obs
"Talisay, Daanbantayan, Cebu",2026-02-01T11:00:00,26.9,80.2,0,29.5,23.4,50.4,1014,58.1,,remote,obs
"Talisay, Daanbantayan, Cebu",2026-02-01T12:00:00,27,79.73,0,27,22.7,43,1013,50,,remote,obs
"Talisay, Daanbantayan, Cebu",2026-02-01T13:00:00,27.1,80.23,0.1,24.8,24.5,37.9,1012,68.6,,remote,obs
"Talisay, Daanbantayan, Cebu",2026-02-01T14:00:00,27,81.68,0,25.9,28.1,37.6,1011,91.5,,remote,obs
"Talisay, Daanbantayan, Cebu",2026-02-01T15:00:00,26.9,83.16,0.4,38.2,30.6,41.2,1011,93.3,,remote,obs
"Talisay, Daanbantayan, Cebu",2026-02-01T16:00:00,26.4,86.68,0.2,37.4,30.6,37.2,1012,92.4,,remote,obs
"Talisay, Daanbantayan, Cebu",2026-02-01T17:00:00,26.4,86.68,0.1,38.2,32.4,37.7,1012,72.1,,remote,obs
"Talisay, Daanbantayan, Cebu",2026-02-01T18:00:00,26,86.64,0,39.2,30.6,29.5,1012,53.5,,remote,obs
"Talisay, Daanbantayan, Cebu",2026-02-01T19:00:00,26.2,85.11,0,38.5,32.8,34.7,1013,70.1,,remote,obs
"Talisay, Daanbantayan, Cebu",2026-02-01T20:00:00,26.4,84.62,0,41,35.3,41.5,1013,83.7,,remote,obs
"Talisay, Daanbantayan, Cebu",2026-02-01T21:00:00,26.3,84.61,0.3,44.3,34.9,46.7,1013,97.8,,remote,obs
"Talisay, Daanbantayan, Cebu",2026-02-01T22:00:00,26.3,85.12,0.3,45,32,46.7,1014,100,,remote,obs
"Talisay, Daanbantayan, Cebu",2026-02-01T23:00:00,26.2,85.62,0.1,42.8,29.5,43,1014,99.9,,remote,obs
"Talisay, Daanbantayan, Cebu",2026-02-02T00:00:00,26.1,86.65,0,41.8,29.2,42.6,1013,94.7,,remote,obs
"Talisay, Daanbantayan, Cebu",2026-02-02T01:00:00,26,87.17,0,38.9,29.5,43.9,1013,93.8,,remote,obs
"Talisay, Daanbantayan, Cebu",2026-02-02T02:00:00,25.9,87.16,0.1,36.7,29.5,44.3,1012,82.3,,remote,obs
"Talisay, Daanbantayan, Cebu",2026-02-02T03:00:00,25.9,86.63,0.4,38.5,28.8,48.7,1012,81.8,,remote,obs
"Talisay, Daanbantayan, Cebu",2026-02-02T04:00:00,26.1,85.1,0.5,37.8,29.5,55.5,1012,73.6,,remote,obs
"Talisay, Daanbantayan, Cebu",2026-02-02T05:00:00,26.2,84.09,0.9,39.2,29.2,58.2,1012,63.7,,remote,obs
"Talisay, Daanbantayan, Cebu",2026-02-02T06:00:00,26,85.6,0.4,39.6,29.2,49.2,1013,82.2,,remote,obs
"Talisay, Daanbantayan, Cebu",2026-02-02T07:00:00,26.1,84.59,0.7,38.9,31.7,52.9,1014,61.3,,remote,obs
"Talisay, Daanbantayan, Cebu",2026-02-02T08:00:00,26.2,84.09,0.4,38.5,31.7,56.8,1014,92.5,,remote,obs
"Talisay, Daanbantayan, Cebu",2026-02-02T09:00:00,26.4,82.6,0.1,38.2,29.5,56.1,1015,68.4,,remote,obs
"Talisay, Daanbantayan, Cebu",2026-02-02T10:00:00,26.5,82.11,0.1,38.5,27.7,55.2,1015,78.4,,remote,obs
"Talisay, Daanbantayan, Cebu",2026-02-02T11:00:00,26.6,81.63,0.1,37.8,29.9,52.8,1014,90,,remote,obs
"Talisay, Daanbantayan, Cebu",2026-02-02T12:00:00,26.8,81.66,0,34.9,29.9,52.5,1014,97.4,,remote,obs
"Talisay, Daanbantayan, Cebu",2026-02-02T13:00:00,26.7,82.14,0.1,31.3,29.9,44.3,1013,98.6,,remote,obs
"Talisay, Daanbantayan, Cebu",2026-02-02T14:00:00,26.4,83.6,0.2,32.4,30.6,41.8,1012,99.5,,remote,obs
"Talisay, Daanbantayan, Cebu",2026-02-02T15:00:00,26.3,84.1,1.5,41,29.9,44.3,1012,99.5,,remote,obs
"Talisay, Daanbantayan, Cebu",2026-02-02T16:00:00,26.4,84.62,1.6,39.6,31.3,45.3,1012,99.1,,remote,obs
"Talisay, Daanbantayan, Cebu",2026-02-02T17:00:00,26.1,85.61,1.9,41.4,30.6,48.3,1013,100,,remote,obs
"Talisay, Daanbantayan, Cebu",2026-02-02T18:00:00,26.2,85.62,1.5,41.4,26.6,43.6,1013,100,,remote,obs
"Talisay, Daanbantayan, Cebu",2026-02-02T19:00:00,26.3,85.12,0.7,40.7,28.4,46.3,1014,99.8,,remote,obs
"Talisay, Daanbantayan, Cebu",2026-02-02T20:00:00,26.4,84.62,0.2,42.8,29.5,43.9,1014,97.2,,remote,obs
"Talisay, Daanbantayan, Cebu",2026-02-02T21:00:00,26.3,85.12,0.1,45.4,31,39.1,1015,99.6,,remote,obs
"Talisay, Daanbantayan, Cebu",2026-02-02T22:00:00,26,86.64,0,46.1,31,38.6,1015,100,,remote,obs
"Talisay, Daanbantayan, Cebu",2026-02-02T23:00:00,25.9,87.69,0,45.7,32,38,1015,100,,remote,obs
"Talisay, Daanbantayan, Cebu",2026-02-03T00:00:00,25.8,87.68,0,43.6,32.8,37.3,1014,100,,remote,obs
"Talisay, Daanbantayan, Cebu",2026-02-03T01:00:00,25.8,87.68,0,42.5,34.2,38.2,1014,100,,remote,obs
"Talisay, Daanbantayan, Cebu",2026-02-03T02:00:00,25.8,87.15,0,42.5,37.1,41.6,1013,100,,remote,obs
"Talisay, Daanbantayan, Cebu",2026-02-03T03:00:00,26,85.09,0.2,48.6,34.6,40.6,1013,100,,remote,obs
"Talisay, Daanbantayan, Cebu",2026-02-03T04:00:00,26.2,82.08,0.3,45.7,33.8,40.7,1013,100,,remote,obs
"Talisay, Daanbantayan, Cebu",2026-02-03T05:00:00,26.2,82.08,0.1,43.9,33.1,44.3,1013,99.5,,remote,obs
"Talisay, Daanbantayan, Cebu",2026-02-03T06:00:00,26.2,83.08,0,44.3,32,37.9,1014,100,,remote,obs
"Talisay, Daanbantayan, Cebu",2026-02-03T07:00:00,26.2,82.58,0,45.7,34.2,41.4,1014,98.1,,remote,obs
"Talisay, Daanbantayan, Cebu",2026-02-03T08:00:00,26.3,81.59,0,45.7,33.8,41.4,1015,100,,remote,obs
"Talisay, Daanbantayan, Cebu",2026-02-03T09:00:00,26.4,81.11,0,44.6,33.1,40.6,1015,100,,remote,obs
"Talisay, Daanbantayan, Cebu",2026-02-03T10:00:00,26.4,80.62,0,43.2,33.5,38.9,1015,100,,remote,obs
"Talisay, Daanbantayan, Cebu",2026-02-03T11:00:00,26.5,79.67,0,42.1,33.5,37,1015,100,,remote,obs
"Talisay, Daanbantayan, Cebu",2026-02-03T12:00:00,26.7,78.73,0,41,32.4,35.9,1014,100,,remote,obs
"Talisay, Daanbantayan, Cebu",2026-02-03T13:00:00,26.8,78.27,0,38.2,29.9,33.1,1013,100,,remote,obs
"Talisay, Daanbantayan, Cebu",2026-02-03T14:00:00,26.9,78.28,0,35.6,27.7,30.1,1013,100,,remote,obs
"Talisay, Daanbantayan, Cebu",2026-02-03T15:00:00,26.9,78.76,0,35.3,27.4,26.2,1012,100,,remote,obs
"Talisay, Daanbantayan, Cebu",2026-02-03T16:00:00,27,78.3,0,33.8,28.8,28.8,1012,100,,remote,obs
"Talisay, Daanbantayan, Cebu",2026-02-03T17:00:00,27,78.3,0,34.2,29.9,35.2,1012,100,,remote,obs
"Talisay, Daanbantayan, Cebu",2026-02-03T18:00:00,26.7,79.69,0,36.7,25.6,27.3,1013,100,,remote,obs
"Talisay, Daanbantayan, Cebu",2026-02-03T19:00:00,26.6,79.2,0,38.9,28.1,29.5,1014,100,,remote,obs
"Talisay, Daanbantayan, Cebu",2026-02-03T20:00:00,26.4,80.14,0,41.8,31,32.7,1014,99.6,,remote,obs
"Talisay, Daanbantayan, Cebu",2026-02-03T21:00:00,26.2,81.09,0,43.6,31.7,35.9,1015,97.1,,remote,obs
"Talisay, Daanbantayan, Cebu",2026-02-03T22:00:00,25.9,83.04,0.1,43.9,32.8,40.2,1014,95.5,,remote,obs
"Talisay, Daanbantayan, Cebu",2026-02-03T23:00:00,25.7,84.03,0.1,44.3,32.4,42.9,1014,95.4,,remote,obs
"Talisay, Daanbantayan, Cebu",2026-02-04T00:00:00,25.6,84.53,0.1,44.3,31.7,43.6,1014,91.7,,remote,obs
"Talisay, Daanbantayan, Cebu",2026-02-04T01:00:00,25.7,84.03,0.1,43.2,31.7,43.3,1013,89.4,,remote,obs
"Talisay, Daanbantayan, Cebu",2026-02-04T02:00:00,25.8,82.53,0,43.6,33.1,44.2,1013,90,,remote,obs
"Talisay, Daanbantayan, Cebu",2026-02-04T03:00:00,25.8,82.53,0,43.6,32.8,43.4,1012,90.1,,remote,obs
"Talisay, Daanbantayan, Cebu",2026-02-04T04:00:00,25.8,81.53,0,43.2,32,41.3,1012,95.5,,remote,obs
"Talisay, Daanbantayan, Cebu",2026-02-04T05:00:00,25.7,81.52,0,42.1,31.7,40.5,1013,98.2,,remote,obs
"Talisay, Daanbantayan, Cebu",2026-02-04T06:00:00,25.9,77.66,0,41.4,28.1,35.1,1013,96,,remote,obs
"Talisay, Daanbantayan, Cebu",2026-02-04T07:00:00,25.9,77.19,0,40.3,28.4,35.5,1014,90.7,,remote,obs
"Talisay, Daanbantayan, Cebu",2026-02-04T08:00:00,26,76.73,0,39.6,28.1,37.1,1014,70.4,,remote,obs
"Talisay, Daanbantayan, Cebu",2026-02-04T09:00:00,26,76.73,0,39.2,27,39,1014,66.7,,remote,obs
"Talisay, Daanbantayan, Cebu",2026-02-04T10:00:00,26.1,76.75,0,38.2,26.6,39.4,1014,60.1,,remote,obs
"Talisay, Daanbantayan, Cebu",2026-02-04T11:00:00,26.3,75.85,0,37.4,27,34.7,1013,10,,remote,obs
"Talisay, Daanbantayan, Cebu",2026-02-04T12:00:00,26.7,72.73,0,37.4,26.3,30.8,1013,19.5,,remote,obs
"Talisay, Daanbantayan, Cebu",2026-02-04T13:00:00,27.1,70.17,0,36,23.8,23.3,1012,90.7,,remote,obs
"Talisay, Daanbantayan, Cebu",2026-02-04T14:00:00,27.1,72.36,0,31.7,22,13.1,1011,98.7,,remote,obs
"Talisay, Daanbantayan, Cebu",2026-02-04T15:00:00,27.1,74.6,0,28.1,22,8.6,1011,45.6,,remote,obs
"Talisay, Daanbantayan, Cebu",2026-02-04T16:00:00,27,76.42,0,31,24.1,13.4,1011,47.9,,remote,obs
"Talisay, Daanbantayan, Cebu",2026-02-04T17:00:00,27,78.3,0,35.3,28.8,22.8,1011,82.4,,remote,obs
"Talisay, Daanbantayan, Cebu",2026-02-04T18:00:00,26.7,80.18,0,38.5,29.2,24.1,1012,97.6,,remote,obs
"Talisay, Daanbantayan, Cebu",2026-02-04T19:00:00,26.4,80.62,0,42.8,29.5,23.8,1013,97.7,,remote,obs
"Talisay, Daanbantayan, Cebu",2026-02-04T20:00:00,26.2,81.58,0.1,44.6,31.3,28.2,1013,99.8,,remote,obs
"Talisay, Daanbantayan, Cebu",2026-02-04T21:00:00,25.9,83.55,0,44.6,31.3,32.6,1013,99.7,,remote,obs
"Talisay, Daanbantayan, Cebu",2026-02-04T22:00:00,25.8,84.05,0,43.9,31,33.7,1013,99.8,,remote,obs
"Talisay, Daanbantayan, Cebu",2026-02-04T23:00:00,25.7,84.55,0,42.8,31.7,35.7,1013,100,,remote,obs
"Talisay, Daanbantayan, Cebu",2026-02-05T00:00:00,25.6,85.57,0,41.8,32,35.5,1012,100,,remote,obs
"Talisay, Daanbantayan, Cebu",2026-02-05T01:00:00,25.6,85.05,0,41.4,32,34.4,1012,100,,remote,obs
"Talisay, Daanbantayan, Cebu",2026-02-05T02:00:00,25.5,85.56,0,41,31.7,34.8,1011,100,,remote,obs
"Talisay, Daanbantayan, Cebu",2026-02-05T03:00:00,25.6,84.53,0,41.4,31,34,1011,100,,remote,obs
"Talisay, Daanbantayan, Cebu",2026-02-05T04:00:00,25.6,84.53,0,40.3,31.3,32.3,1011,100,,remote,obs
"Talisay, Daanbantayan, Cebu",2026-02-05T05:00:00,25.6,84.53,0,41.8,32.4,33.2,1011,100,,remote,obs
"Talisay, Daanbantayan, Cebu",2026-02-05T06:00:00,25.8,83.54,0.1,43.2,32.4,33.5,1012,100,,remote,obs
"Talisay, Daanbantayan, Cebu",2026-02-05T07:00:00,25.9,83.04,0,43.9,33.5,31.1,1012,100,,remote,obs
"Talisay, Daanbantayan, Cebu",2026-02-05T08:00:00,26,83.06,0,43.9,35.3,27.5,1013,100,,remote,obs
"Talisay, Daanbantayan, Cebu",2026-02-05T09:00:00,26,83.06,0,44.3,36.7,27,1013,100,,remote,obs
"Talisay, Daanbantayan, Cebu",2026-02-05T10:00:00,26,83.06,0,43.2,37.1,27.4,1012,100,,remote,obs
"Talisay, Daanbantayan, Cebu",2026-02-05T11:00:00,26.1,83.07,0,43.6,36.7,28.2,1012,100,,remote,obs
"Talisay, Daanbantayan, Cebu",2026-02-05T12:00:00,26.2,83.08,0,41.8,35.6,26,1011,100,,remote,obs
"Talisay, Daanbantayan, Cebu",2026-02-05T13:00:00,26.4,82.6,0,38.5,33.5,19.7,1010,100,,remote,obs
"Talisay, Daanbantayan, Cebu",2026-02-05T14:00:00,26.4,83.6,0,39.2,32.4,8.8,1009,100,,remote,obs
"Talisay, Daanbantayan, Cebu",2026-02-05T15:00:00,26,86.12,0,44.3,34.2,5.5,1009,100,,remote,obs
"Talisay, Daanbantayan, Cebu",2026-02-05T16:00:00,26,85.09,0.1,46.8,35.6,12.4,1009,100,,remote,obs
"Talisay, Daanbantayan, Cebu",2026-02-05T17:00:00,25.9,85.08,0.4,49.3,37.8,17.5,1010,100,,remote,obs
"Talisay, Daanbantayan, Cebu",2026-02-05T18:00:00,26.1,83.57,0.7,52.9,30.2,6.9,1011,100,,remote,obs
"Talisay, Daanbantayan, Cebu",2026-02-05T19:00:00,26.2,82.58,1.1,54,32.8,4.5,1011,100,,remote,obs
"Talisay, Daanbantayan, Cebu",2026-02-05T20:00:00,25.9,84.57,1.2,54,38.5,9.7,1012,100,,remote,obs
"Talisay, Daanbantayan, Cebu",2026-02-05T21:00:00,25.6,86.61,2.8,55.4,42.8,19,1012,100,,remote,obs
"Talisay, Daanbantayan, Cebu",2026-02-05T22:00:00,25.5,88.18,5.4,54.7,42.8,20.5,1012,100,,remote,obs
"Talisay, Daanbantayan, Cebu",2026-02-05T23:00:00,25.6,87.66,3.8,58.3,41.4,18.4,1012,100,,remote,obs
"Talisay, Daanbantayan, Cebu",2026-02-06T00:00:00,25.6,87.66,1.4,58.7,40.7,18.2,1011,100,,remote,obs
"Talisay, Daanbantayan, Cebu",2026-02-06T01:00:00,25.5,87.65,0.6,52.6,43.2,20.4,1010,100,,remote,obs
"Talisay, Daanbantayan, Cebu",2026-02-06T02:00:00,25.9,86.63,0.4,52.2,42.8,21.9,1009,100,,remote,obs
"Talisay, Daanbantayan, Cebu",2026-02-06T03:00:00,26.1,86.65,0.4,59.8,42.1,22,1008,100,,remote,obs
"Talisay, Daanbantayan, Cebu",2026-02-06T04:00:00,26.1,87.18,0.1,57.2,43.6,24.8,1008,100,,remote,obs
"Talisay, Daanbantayan, Cebu",2026-02-06T05:00:00,26.2,86.66,0,56.9,41.8,27.8,1009,100,,remote,obs
"Talisay, Daanbantayan, Cebu",2026-02-06T06:00:00,26.3,85.12,0.1,57.6,37.4,13.3,1009,100,,remote,obs
"Talisay, Daanbantayan, Cebu",2026-02-06T07:00:00,26.1,87.7,0.2,54,38.9,9.9,1009,99.6,,remote,obs
"Talisay, Daanbantayan, Cebu",2026-02-06T08:00:00,26.1,88.23,0.2,50,38.5,19.8,1010,100,,remote,obs
"Talisay, Daanbantayan, Cebu",2026-02-06T09:00:00,26.2,88.77,0.2,46.4,39.2,33.2,1010,100,,remote,obs
"Talisay, Daanbantayan, Cebu",2026-02-06T10:00:00,26.5,87.74,0.2,47.9,35.6,39.5,1010,99,,remote,obs
"Talisay, Daanbantayan, Cebu",2026-02-06T11:00:00,26.7,87.75,0.1,43.6,34.6,45.6,1009,100,,remote,obs
"Talisay, Daanbantayan, Cebu",2026-02-06T12:00:00,26.8,87.24,0.1,40,30.2,45.3,1008,100,,remote,obs
"Talisay, Daanbantayan, Cebu",2026-02-06T13:00:00,27,86.22,0.1,36.7,32.8,53.1,1007,100,,remote,obs
"Talisay, Daanbantayan, Cebu",2026-02-06T14:00:00,26.8,86.2,0.1,38.2,31,57,1007,100,,remote,obs
"Talisay, Daanbantayan, Cebu",2026-02-06T15:00:00,26.7,86.71,4,46.8,29.2,60.7,1006,100,,remote,obs
"Talisay, Daanbantayan, Cebu",2026-02-06T16:00:00,26.7,86.71,4,44.6,27.7,62.2,1006,100,,remote,obs
"Talisay, Daanbantayan, Cebu",2026-02-06T17:00:00,26.8,86.2,2.2,40.3,27,65.7,1007,100,,remote,obs
"Talisay, Daanbantayan, Cebu",2026-02-06T18:00:00,26,89.83,1.1,36.7,26.3,39.5,1008,100,,remote,obs
"Talisay, Daanbantayan, Cebu",2026-02-06T19:00:00,26.1,89.3,0.5,35.3,25.6,42.9,1008,100,,remote,obs
"Talisay, Daanbantayan, Cebu",2026-02-06T20:00:00,26.2,88.24,0.5,37.8,24.8,48.7,1009,99.5,,remote,obs
"Talisay, Daanbantayan, Cebu",2026-02-06T21:00:00,26.2,88.24,0.1,37.8,22,54.2,1010,100,,remote,obs
"Talisay, Daanbantayan, Cebu",2026-02-06T22:00:00,26.1,89.3,0,38.5,21.2,62,1010,100,,remote,obs
"Talisay, Daanbantayan, Cebu",2026-02-06T23:00:00,26.2,88.24,0,41.8,21.6,76.9,1010,100,,remote,obs
"Talisay, Daanbantayan, Cebu",2026-02-07T00:00:00,26.2,88.77,0,42.1,22.3,85.2,1009,99.1,,remote,obs
"Talisay, Daanbantayan, Cebu",2026-02-07T01:00:00,26.3,87.19,0,39.2,23,95.6,1008,98.1,,remote,obs
"Talisay, Daanbantayan, Cebu",2026-02-07T02:00:00,26.3,87.19,0,37.4,23.4,106.3,1008,99.5,,remote,obs
"Talisay, Daanbantayan, Cebu",2026-02-07T03:00:00,26.3,86.67,0,30.2,23.4,119.4,1008,100,,remote,obs
"Talisay, Daanbantayan, Cebu",2026-02-07T04:00:00,26.3,86.67,0,30.2,24.5,128.4,1008,100,,remote,obs
"Talisay, Daanbantayan, Cebu",2026-02-07T05:00:00,26.4,86.16,0,30.6,24.8,135,1008,99.4,,remote,obs
"Talisay, Daanbantayan, Cebu",2026-02-07T06:00:00,26.3,87.19,0,30.6,14.8,136.1,1009,97.5,,remote,obs
"Talisay, Daanbantayan, Cebu",2026-02-07T07:00:00,26.3,87.19,0,29.2,14.4,139.4,1010,97.5,,remote,obs
"Talisay, Daanbantayan, Cebu",2026-02-07T08:00:00,26.4,86.68,0,27.7,14.4,138.9,1010,26,,remote,obs
"Talisay, Daanbantayan, Cebu",2026-02-07T09:00:00,26.5,86.17,0,27.7,15.5,133.8,1010,5.3,,remote,obs
"Talisay, Daanbantayan, Cebu",2026-02-07T10:00:00,26.6,86.18,0,27.4,15.8,131.3,1011,5.1,,remote,obs
"Talisay, Daanbantayan, Cebu",2026-02-07T11:00:00,26.7,85.67,0,26.6,15.8,133.7,1010,7.6,,remote,obs
"Talisay, Daanbantayan, Cebu",2026-02-07T12:00:00,26.8,85.17,0,25.9,15.1,134.4,1009,16.3,,remote,obs
"Talisay, Daanbantayan, Cebu",2026-02-07T13:00:00,26.9,85.69,0,24.5,14,131.5,1009,37.1,,remote,obs
"Talisay, Daanbantayan, Cebu",2026-02-07T14:00:00,26.9,86.21,0,23.4,14,125.4,1008,61.4,,remote,obs
"Talisay, Daanbantayan, Cebu",2026-02-07T15:00:00,27,86.74,0,18.7,13.3,130.7,1007,82.8,,remote,obs
"Talisay, Daanbantayan, Cebu",2026-02-07T16:00:00,26.9,87.77,0,19.1,13,122.9,1008,82.1,,remote,obs
"Talisay, Daanbantayan, Cebu",2026-02-07T17:00:00,26.9,88.3,0,18.7,11.5,135.6,1008,76.9,,remote,obs
"Talisay, Daanbantayan, Cebu",2026-02-07T18:00:00,27.2,85.21,0,18.4,11.2,157.4,1008,74,,remote,obs
"Talisay, Daanbantayan, Cebu",2026-02-07T19:00:00,27,86.74,0,16.9,6.1,171.3,1009,55.8,,remote,obs
"Talisay, Daanbantayan, Cebu",2026-02-07T20:00:00,26.9,87.25,0,15.1,4,131.2,1010,41.4,,remote,obs
"Talisay, Daanbantayan, Cebu",2026-02-07T21:00:00,26.8,86.72,0,16.6,6.5,104.5,1010,40,,remote,obs
"Talisay, Daanbantayan, Cebu",2026-02-07T22:00:00,26.6,86.7,0.2,17.3,5,114,1010,66.5,,remote,obs
"Talisay, Daanbantayan, Cebu",2026-02-07T23:00:00,26.2,88.77,0.6,19.8,4.3,113.7,1010,94.9,,remote,obs
"Talisay, Daanbantayan, Cebu",2026-02-08T00:00:00,25.9,88.21,0.9,19.4,3.2,111.5,1010,99.4,,remote,obs
"Talisay, Daanbantayan, Cebu",2026-02-08T01:00:00,25.9,88.21,0.2,16.9,2.5,106.2,1009,98.8,,remote,obs
"Talisay, Daanbantayan, Cebu",2026-02-08T02:00:00,26.1,87.18,0,14,2.2,191,1009,96.2,,remote,obs
"Talisay, Daanbantayan, Cebu",2026-02-08T03:00:00,26.2,86.66,0.6,9.7,6.5,177.9,1009,98.6,,remote,obs
"Talisay, Daanbantayan, Cebu",2026-02-08T04:00:00,25.9,87.16,0,9.4,5,152.4,1009,100,,remote,obs
"Talisay, Daanbantayan, Cebu",2026-02-08T05:00:00,25.9,87.16,0,8.6,5.4,136.1,1009,97.8,,remote,obs
"Talisay, Daanbantayan, Cebu",2026-02-08T06:00:00,26.4,85.64,0,10.1,6.1,122.6,1009,98.1,,remote,obs
"Talisay, Daanbantayan, Cebu",2026-02-08T07:00:00,26.5,85.65,0,14.4,8.3,133.7,1010,98.5,,remote,obs
"Talisay, Daanbantayan, Cebu",2026-02-08T08:00:00,26.6,85.15,0,18,8.3,150,1011,99.5,,remote,obs
"Talisay, Daanbantayan, Cebu",2026-02-08T09:00:00,26.7,85.16,0,18.4,7.2,175.5,1012,98,,remote,obs
"Talisay, Daanbantayan, Cebu",2026-02-08T10:00:00,26.8,84.66,0,16.9,5.8,195.6,1012,97.3,,remote,obs
"Talisay, Daanbantayan, Cebu",2026-02-08T11:00:00,26.9,84.16,0,14.8,6.1,207.4,1011,99.3,,remote,obs
"Talisay, Daanbantayan, Cebu",2026-02-08T12:00:00,27,83.17,0,12.6,6.1,229.8,1010,99.4,,remote,obs
"Talisay, Daanbantayan, Cebu",2026-02-08T13:00:00,27.1,82.19,0,9,3.2,290.8,1010,100,,remote,obs
"Talisay, Daanbantayan, Cebu",2026-02-08T14:00:00,27.2,81.71,0,7.9,5,341.4,1009,97.6,,remote,obs
"Talisay, Daanbantayan, Cebu",2026-02-08T15:00:00,27.1,82.68,0,10.1,4.7,1.7,1009,95.6,,remote,obs
"Talisay, Daanbantayan, Cebu",2026-02-08T16:00:00,27.2,82.69,0,9.7,5,24.2,1009,99.4,,remote,obs
"Talisay, Daanbantayan, Cebu",2026-02-08T17:00:00,27.2,82.2,0,9.7,4,6.4,1010,96.4,,remote,obs
"Talisay, Daanbantayan, Cebu",2026-02-08T18:00:00,27.4,83.22,0,9.7,13.3,28.4,1010,99.4,,remote,obs
"Talisay, Daanbantayan, Cebu",2026-02-08T19:00:00,27.3,84.21,0,11.5,11.5,21.9,1010,96.8,,remote,obs
"Talisay, Daanbantayan, Cebu",2026-02-08T20:00:00,27.2,85.21,0,10.4,14.4,10.8,1011,97.6,,remote,obs
"Talisay, Daanbantayan, Cebu",2026-02-08T21:00:00,27,87.26,0,11.9,18,17.7,1012,96.8,,remote,obs
"Talisay, Daanbantayan, Cebu",2026-02-08T22:00:00,26.5,89.33,0.2,15.8,20.9,30.1,1012,94.2,,remote,obs
"Talisay, Daanbantayan, Cebu",2026-02-08T23:00:00,26.3,89.31,0.4,16.9,19.1,46.3,1012,97.3,,remote,obs
"Talisay, Daanbantayan, Cebu",2026-02-09T00:00:00,26,89.83,0.4,18.4,20.9,60,1012,97.9,,remote,obs
"Talisay, Daanbantayan, Cebu",2026-02-09T01:00:00,25.8,89.81,0.7,20.5,21.2,68.9,1011,92.7,,remote,obs
"Talisay, Daanbantayan, Cebu",2026-02-09T02:00:00,25.9,87.16,0.9,22.3,20.9,70,1010,98.7,,remote,obs
"Talisay, Daanbantayan, Cebu",2026-02-09T03:00:00,26,86.64,0.2,27.7,21.2,67.8,1010,99.9,,remote,obs
"Talisay, Daanbantayan, Cebu",2026-02-09T04:00:00,26.1,86.13,0.1,29.9,23.4,64.8,1010,97.7,,remote,obs
"Talisay, Daanbantayan, Cebu",2026-02-09T05:00:00,26.1,86.65,0.1,32.4,24.5,65.9,1011,97.7,,remote,obs
"Talisay, Daanbantayan, Cebu",2026-02-09T06:00:00,26.4,82.6,0.2,33.1,23.4,65.5,1011,97.9,,remote,obs
"Talisay, Daanbantayan, Cebu",2026-02-09T07:00:00,26.3,84.1,0.2,32,23.4,64.5,1012,96.5,,remote,obs
"Talisay, Daanbantayan, Cebu",2026-02-09T08:00:00,26.2,84.09,0.4,30.2,25.6,61,1013,96.3,,remote,obs
"Talisay, Daanbantayan, Cebu",2026-02-09T09:00:00,26.4,83.1,0.2,28.8,26.6,57.9,1013,98.1,,remote,obs
"Talisay, Daanbantayan, Cebu",2026-02-09T10:00:00,26.4,82.6,0.2,27.4,29.9,55.1,1013,93.9,,remote,obs
"Talisay, Daanbantayan, Cebu",2026-02-09T11:00:00,26.3,83.59,0.4,26.3,34.6,51.8,1012,99,,remote,obs
"Talisay, Daanbantayan, Cebu",2026-02-09T12:00:00,26.3,84.1,0.1,27,38.2,48.5,1012,98.6,,remote,obs
"Talisay, Daanbantayan, Cebu",2026-02-09T13:00:00,26.2,84.6,0.2,32,40.3,43.4,1011,97,,remote,obs
"Talisay, Daanbantayan, Cebu",2026-02-09T14:00:00,26.2,84.09,0.2,35.6,42.8,40.4,1010,97.1,,remote,obs
"Talisay, Daanbantayan, Cebu",2026-02-09T15:00:00,26.5,82.61,0.3,58.7,40.7,38.9,1010,100,,remote,obs
"Talisay, Daanbantayan, Cebu",2026-02-09T16:00:00,26.6,82.13,0.4,55.4,39.6,34.8,1010,100,,remote,obs
"Talisay, Daanbantayan, Cebu",2026-02-09T17:00:00,26.6,82.13,0.7,53.3,38.2,33.5,1011,100,,remote,obs
"Talisay, Daanbantayan, Cebu",2026-02-09T18:00:00,25.9,83.55,1.2,51.5,35.6,25.8,1011,100,,remote,obs
"Talisay, Daanbantayan, Cebu",2026-02-09T19:00:00,26,83.06,1.4,51.5,36,28.7,1012,100,,remote,obs
"Talisay, Daanbantayan, Cebu",2026-02-09T20:00:00,26.1,82.57,1.4,51.8,36.4,33.8,1013,99.6,,remote,obs
"Talisay, Daanbantayan, Cebu",2026-02-09T21:00:00,26.2,82.58,0.9,52.9,36.7,38.8,1013,100,,remote,obs
"Talisay, Daanbantayan, Cebu",2026-02-09T22:00:00,26.3,82.59,0.3,52.9,37.4,42.2,1013,100,,remote,obs
"Talisay, Daanbantayan, Cebu",2026-02-09T23:00:00,26.2,83.58,0.2,51.5,36.7,41,1013,100,,remote,obs
"Talisay, Daanbantayan, Cebu",2026-02-10T00:00:00,26.2,83.58,0.3,50,37.8,38.5,1013,100,,remote,obs
"Talisay, Daanbantayan, Cebu",2026-02-10T01:00:00,26.1,84.08,0.3,50.4,38.2,36.1,1012,100,,remote,obs
"Talisay, Daanbantayan, Cebu",2026-02-10T02:00:00,26.1,83.07,0.4,49.7,38.5,29.9,1012,100,,remote,obs
"Talisay, Daanbantayan, Cebu",2026-02-10T03:00:00,26.2,82.58,1.7,52.6,39.6,25,1012,100,,remote,obs
"Talisay, Daanbantayan, Cebu",2026-02-10T04:00:00,26.1,84.08,1.9,55.4,41.4,23.9,1012,100,,remote,obs
"Talisay, Daanbantayan, Cebu",2026-02-10T05:00:00,25.9,85.6,2.3,58.3,43.9,29.6,1012,100,,remote,obs
"Talisay, Daanbantayan, Cebu",2026-02-10T06:00:00,25.8,85.07,2.7,60.5,40.3,29,1013,99.6,,remote,obs
"Talisay, Daanbantayan, Cebu",2026-02-10T07:00:00,26,84.07,2.4,61.2,37.4,34.8,1014,99.6,,remote,obs
"Talisay, Daanbantayan, Cebu",2026-02-10T08:00:00,25.9,84.57,2.1,61.2,36.7,40.3,1015,100,,remote,obs
"Talisay, Daanbantayan, Cebu",2026-02-10T09:00:00,26.1,84.08,2.4,57.2,36,45.4,1015,100,,remote,obs
"Talisay, Daanbantayan, Cebu",2026-02-10T10:00:00,26.1,84.08,3.2,56.9,33.5,47.9,1015,100,,remote,obs
"Talisay, Daanbantayan, Cebu",2026-02-10T11:00:00,26.4,82.1,2.9,53.3,31.3,45.6,1014,100,,remote,obs
"Talisay, Daanbantayan, Cebu",2026-02-10T12:00:00,26.4,82.6,2,50.8,30.6,39.1,1014,100,,remote,obs
"Talisay, Daanbantayan, Cebu",2026-02-10T13:00:00,26.4,83.1,1.3,49.3,32,38.6,1013,100,,remote,obs
"Talisay, Daanbantayan, Cebu",2026-02-10T14:00:00,26.5,84.12,0.4,45.4,32,40.8,1012,100,,remote,obs
"Talisay, Daanbantayan, Cebu",2026-02-10T15:00:00,26.7,83.64,5.8,44.6,33.8,39.5,1012,100,,remote,obs
"Talisay, Daanbantayan, Cebu",2026-02-10T16:00:00,26.6,84.64,6.7,47.5,35.3,34.4,1012,100,,remote,obs
"Talisay, Daanbantayan, Cebu",2026-02-10T17:00:00,26.5,85.65,7.6,49,32,32.4,1012,100,,remote,obs
"Talisay, Daanbantayan, Cebu",2026-02-10T18:00:00,26.1,86.13,6.1,48.2,33.5,39,1013,100,,remote,obs
"Talisay, Daanbantayan, Cebu",2026-02-10T19:00:00,26.3,86.15,2.9,46.4,34.9,51.8,1014,100,,remote,obs
"Talisay, Daanbantayan, Cebu",2026-02-10T20:00:00,26.5,85.14,0.7,43.9,34.6,60.3,1014,96.4,,remote,obs
"Talisay, Daanbantayan, Cebu",2026-02-10T21:00:00,26.6,83.12,0.1,40,32.8,62,1014,99.8,,remote,obs
"Talisay, Daanbantayan, Cebu",2026-02-10T22:00:00,26.6,81.14,0,36.7,31.7,61,1013,100,,remote,obs
"Talisay, Daanbantayan, Cebu",2026-02-10T23:00:00,26.5,80.15,0,34.9,28.4,57.2,1013,100,,remote,obs
