id,datetime,windspeed,winddir,temp,humidity,windgust,precip,sealevelpressure,cloudcover,visibility
95,2026-03-01 16:00:00+00,0.76,22.9,28.2,73.4,9.7,0.0,1007,100.0,24.1
96,2026-03-01 17:00:00+00,0.54,158.1,28.1,74.8,6.8,0.0,1007,100.0,24.1
97,2026-03-01 18:00:00+00,0.14,148.1,27.5,79.3,10.1,0.0,1007,100.0,24.1
98,2026-03-01 19:00:00+00,0.14,157.5,27.5,79.3,10.1,0.0,1007,100.0,24.1
99,2026-03-01 20:00:00+00,0.04,157.5,27.4,80.3,9.4,0.1,1009,100.0,24.1
100,2026-03-01 21:00:00+00,0.05,182.7,27.4,80.3,11.5,0.0,1010,72.2,24.1
101,2026-03-01 22:00:00+00,0.08,157.5,26.7,82.1,24.8,0.0,1010,57.3,24.1
102,2026-03-01 23:00:00+00,0.12,164.3,26.6,82.1,23.4,0.0,1010,3.0,24.1
103,2026-03-02 00:00:00+00,0.15,261.8,26.3,82.6,21.2,0.0,1009,10.5,24.1
104,2026-03-02 01:00:00+00,0.02,0.0,26.2,83.1,17.6,0.0,1008,22.6,24.1
105,2026-03-02 02:00:00+00,0.3,47.3,26.0,83.6,15.5,0.1,1008,14.1,24.1
106,2026-03-02 03:00:00+00,0.06,136.2,26.1,84.1,16.9,0.0,1008,100.0,24.1
107,2026-03-02 04:00:00+00,0.25,353.5,26.0,84.1,16.9,0.0,1008,100.0,24.1
108,2026-03-02 05:00:00+00,0.35,1.7,26.0,84.1,16.9,0.0,1009,100.0,24.1
109,2026-03-02 06:00:00+00,0.44,258.7,26.0,83.6,17.3,0.0,1009,100.0,24.1
110,2026-03-02 07:00:00+00,0.17,178.7,26.4,82.1,18.4,0.0,1010,100.0,24.1
111,2026-03-02 08:00:00+00,1.38,5.2,26.9,79.2,18.7,0.0,1011,100.0,24.1
112,2026-03-02 09:00:00+00,2.19,354.0,27.1,78.3,18.7,0.0,1011,100.0,24.1
113,2026-03-02 10:00:00+00,2.32,358.2,27.3,77.4,18.7,0.0,1011,100.0,24.1
114,2026-03-02 11:00:00+00,2.31,358.3,27.4,76.9,19.1,0.0,1010,100.0,24.1
115,2026-03-02 13:00:00+00,2.0,353.0,27.5,76.0,18.0,0.0,1009,92.6,24.1
116,2026-03-02 14:00:00+00,2.55,354.8,27.7,75.2,18.4,0.2,1008,100.0,24.1
117,2026-03-02 15:00:00+00,2.6,356.9,27.8,76.1,23.0,0.4,1008,100.0,22.9
118,2026-03-02 16:00:00+00,2.52,352.3,27.7,77.5,22.7,0.2,1008,100.0,23.0
119,2026-03-02 17:00:00+00,1.9,351.5,27.1,82.2,25.2,0.2,1008,90.1,23.1
120,2026-03-02 18:00:00+00,1.78,356.6,26.9,83.2,22.7,0.3,1009,100.0,24.1
121,2026-03-02 19:00:00+00,0.65,7.2,27.0,83.2,20.5,0.0,1009,100.0,24.1
122,2026-03-02 20:00:00+00,0.99,354.6,26.9,84.2,22.7,0.1,1010,99.2,24.1
123,2026-03-02 21:00:00+00,1.13,352.7,26.6,83.6,22.3,0.3,1011,15.4,17.6
124,2026-03-02 23:00:00+00,1.82,356.0,26.4,82.6,21.2,0.0,1010,96.7,24.1
125,2026-03-03 00:00:00+00,1.13,3.3,26.1,82.6,19.4,0.0,1010,95.0,24.1
126,2026-03-03 01:00:00+00,0.17,352.5,25.8,82.5,16.9,0.0,1009,100.0,24.1
127,2026-03-03 02:00:00+00,0.38,341.7,25.6,83.0,14.4,0.0,1009,100.0,24.1
128,2026-03-03 03:00:00+00,0.06,252.6,25.6,82.0,14.0,0.0,1009,100.0,24.1
129,2026-03-03 04:00:00+00,0.2,205.8,25.7,80.5,15.5,0.0,1009,100.0,24.1
130,2026-03-03 05:00:00+00,0.2,250.7,25.7,79.6,18.4,0.0,1009,100.0,24.1
131,2026-03-03 06:00:00+00,0.27,342.4,25.7,78.6,19.1,0.0,1010,100.0,24.1
132,2026-03-03 07:00:00+00,0.59,0.1,26.1,76.7,16.9,0.0,1010,100.0,24.1
133,2026-03-03 08:00:00+00,1.35,359.1,26.6,74.1,14.4,0.0,1011,100.0,24.1
134,2026-03-03 09:00:00+00,1.79,359.0,26.9,71.9,12.2,0.0,1011,100.0,24.1
135,2026-03-03 10:00:00+00,1.79,9.9,27.0,71.9,14.8,0.0,1011,100.0,24.1
136,2026-03-03 11:00:00+00,1.88,13.1,27.2,70.6,15.8,0.0,1010,100.0,24.1
137,2026-03-03 12:00:00+00,2.28,357.9,27.2,70.6,17.6,0.0,1010,98.3,24.1
138,2026-03-03 13:00:00+00,2.3,355.2,27.3,69.8,17.3,0.0,1009,73.4,24.1
139,2026-03-03 14:00:00+00,2.08,356.4,27.5,69.0,16.2,0.0,1009,100.0,24.1
140,2026-03-03 15:00:00+00,2.16,68.6,27.5,70.2,16.9,0.0,1008,98.4,24.1
141,2026-03-03 17:00:00+00,0.0,16.5,27.3,77.4,25.9,0.0,1009,100.0,24.1
142,2026-03-03 21:00:00+00,0.55,127.9,26.5,81.1,33.8,0.0,1011,95.0,24.1
143,2026-03-03 22:00:00+00,0.75,30.7,26.2,80.1,33.1,0.0,1011,45.6,24.1
144,2026-03-03 23:00:00+00,0.47,349.7,26.1,80.6,29.2,0.0,1011,58.3,24.1
145,2026-03-04 00:00:00+00,0.82,355.6,25.9,80.1,27.0,0.0,1011,60.7,24.1
146,2026-03-04 01:00:00+00,0.24,5.0,25.7,79.6,25.9,0.0,1010,99.1,24.1
147,2026-03-04 02:00:00+00,1.22,2.8,25.5,80.0,24.5,0.0,1010,76.3,24.1
148,2026-03-04 03:00:00+00,0.31,152.9,25.4,80.0,24.5,0.0,1010,80.4,24.1
149,2026-03-04 04:00:00+00,0.09,143.1,25.3,80.0,24.8,0.0,1010,46.1,24.1
150,2026-03-04 05:00:00+00,0.76,358.9,25.5,79.5,31.3,0.0,1010,5.0,24.1
151,2026-03-04 06:00:00+00,0.29,356.3,25.7,77.2,35.6,0.0,1010,6.9,24.1
152,2026-03-04 07:00:00+00,1.62,0.1,25.9,75.8,38.5,0.0,1011,100.0,24.1
153,2026-03-04 08:00:00+00,2.0,354.6,26.3,74.0,36.4,0.0,1011,89.6,24.1
154,2026-03-04 09:00:00+00,2.68,352.8,26.6,72.7,32.0,0.0,1012,95.7,24.1
155,2026-03-04 10:00:00+00,2.84,352.8,27.0,71.0,22.3,0.0,1012,15.5,24.1
156,2026-03-04 11:00:00+00,2.04,1.0,27.2,68.9,19.8,0.0,1011,86.6,24.1
157,2026-03-04 14:00:00+00,2.18,352.4,27.6,66.5,23.0,0.0,1009,86.1,24.1
158,2026-03-04 15:00:00+00,3.04,348.0,27.7,66.9,19.4,0.0,1008,9.4,24.1
159,2026-03-04 16:00:00+00,2.52,349.7,27.5,70.2,20.5,0.0,1008,18.7,24.1
160,2026-03-04 17:00:00+00,2.66,347.3,27.2,75.1,25.2,0.0,1008,34.0,24.1
161,2026-03-04 18:00:00+00,1.46,349.6,26.9,76.4,31.7,0.0,1008,50.7,24.1
162,2026-03-04 19:00:00+00,1.15,349.1,27.1,76.0,36.4,0.0,1009,13.0,24.1
163,2026-03-04 20:00:00+00,1.34,346.1,27.0,77.3,34.6,0.0,1010,10.9,24.1
164,2026-03-04 21:00:00+00,2.06,348.4,26.7,76.8,29.2,0.0,1010,2.0,24.1
165,2026-03-04 22:00:00+00,2.33,347.0,26.7,72.7,24.5,0.0,1010,71.8,24.1
166,2026-03-04 23:00:00+00,1.83,348.7,26.4,73.6,21.2,0.0,1010,75.7,24.1
167,2026-03-05 00:00:00+00,1.74,348.8,26.1,74.4,18.7,0.0,1010,70.0,24.1
168,2026-03-05 01:00:00+00,0.93,350.2,26.0,74.4,20.2,0.0,1010,18.9,24.1
169,2026-03-05 02:00:00+00,0.1,328.4,25.8,74.8,21.2,0.0,1009,7.2,24.1
170,2026-03-05 03:00:00+00,0.09,206.6,25.6,75.7,21.2,0.0,1009,5.0,24.1
171,2026-03-05 04:00:00+00,0.11,345.4,25.4,78.1,22.0,0.0,1009,5.8,24.1
172,2026-03-05 05:00:00+00,0.7,348.8,25.3,78.0,20.9,0.0,1009,82.0,24.1
173,2026-03-05 06:00:00+00,0.64,347.8,25.5,77.1,20.5,0.0,1010,59.0,24.1
174,2026-03-05 07:00:00+00,1.07,350.9,25.7,76.2,17.3,0.0,1010,14.2,24.1
175,2026-03-05 08:00:00+00,1.86,346.3,26.1,73.1,13.3,0.1,1011,66.3,24.1
176,2026-03-05 09:00:00+00,2.47,353.9,26.5,67.9,8.3,0.0,1011,40.1,24.1
177,2026-03-05 10:00:00+00,2.36,353.8,27.0,64.7,8.6,0.0,1011,3.4,24.1
178,2026-03-05 11:00:00+00,2.42,353.2,27.5,61.7,9.0,0.0,1011,2.7,24.1
179,2026-03-05 12:00:00+00,2.69,350.0,27.7,61.4,14.0,0.0,1010,4.0,24.1
180,2026-03-05 13:00:00+00,2.32,0.7,27.6,62.5,14.4,0.0,1009,5.0,24.1
181,2026-03-05 14:00:00+00,2.41,12.2,27.6,63.3,12.2,0.0,1008,5.0,24.1
182,2026-03-05 15:00:00+00,1.67,44.1,27.4,66.0,13.0,0.0,1007,5.0,24.1
183,2026-03-05 16:00:00+00,1.73,18.5,27.4,67.7,16.2,0.0,1007,3.9,24.1
184,2026-03-05 17:00:00+00,1.3,91.2,27.3,72.4,20.2,0.0,1008,4.5,24.1
185,2026-03-05 18:00:00+00,0.36,132.1,26.9,79.2,20.2,0.0,1008,7.5,24.1
186,2026-03-05 19:00:00+00,0.33,150.2,26.9,80.7,21.2,0.1,1009,61.6,24.1
187,2026-03-05 20:00:00+00,0.22,135.2,27.2,80.2,24.5,0.1,1010,61.9,24.1
188,2026-03-05 21:00:00+00,0.47,147.7,27.4,80.3,28.8,0.2,1010,100.0,20.9
189,2026-03-05 22:00:00+00,0.38,145.9,27.0,78.8,27.0,0.1,1010,100.0,24.1
190,2026-03-05 23:00:00+00,0.32,345.3,26.5,78.7,27.4,0.1,1010,100.0,24.1
191,2026-03-06 00:00:00+00,0.62,357.3,26.3,78.7,26.3,0.0,1010,59.5,24.1
192,2026-03-06 01:00:00+00,0.76,11.5,26.0,79.6,20.9,0.0,1010,1.6,24.1
193,2026-03-06 02:00:00+00,0.62,9.3,25.9,80.1,16.9,0.0,1009,100.0,24.1
194,2026-03-06 03:00:00+00,0.26,339.2,25.8,77.7,15.1,0.0,1009,99.4,24.1
195,2026-03-06 04:00:00+00,0.08,18.2,25.7,77.2,16.2,0.0,1009,71.1,24.1
196,2026-03-06 05:00:00+00,0.18,157.5,25.6,77.6,16.9,0.0,1009,100.0,24.1
197,2026-03-06 06:00:00+00,0.31,157.5,25.5,78.1,18.4,0.0,1010,34.3,24.1
198,2026-03-06 07:00:00+00,0.09,157.5,25.8,77.7,17.3,0.0,1011,96.0,24.1
199,2026-03-06 08:00:00+00,0.92,26.9,26.1,76.3,16.6,0.0,1011,100.0,24.1
200,2026-03-06 09:00:00+00,1.35,344.0,26.5,74.5,14.4,0.0,1011,100.0,24.1
201,2026-03-06 10:00:00+00,2.26,8.1,26.8,72.7,11.2,0.0,1011,100.0,24.1
202,2026-03-06 11:00:00+00,2.06,24.3,27.1,72.4,10.1,0.0,1011,63.5,24.1
203,2026-03-06 12:00:00+00,2.52,20.1,27.3,72.4,12.2,0.0,1010,84.3,24.1
204,2026-03-06 13:00:00+00,2.44,3.8,27.4,73.3,14.0,0.0,1009,95.7,24.1
205,2026-03-06 14:00:00+00,2.11,38.1,27.4,73.3,13.3,0.0,1008,91.8,24.1
206,2026-03-06 15:00:00+00,1.84,29.2,27.3,75.1,15.5,0.0,1007,100.0,24.1
207,2026-03-06 16:00:00+00,2.07,6.4,27.3,76.0,17.6,0.0,1007,100.0,24.1
208,2026-03-06 17:00:00+00,2.12,348.2,27.4,77.9,19.1,0.1,1008,43.1,23.4
209,2026-03-06 18:00:00+00,1.79,352.5,27.2,79.8,23.8,0.2,1008,65.6,24.1
210,2026-03-06 19:00:00+00,0.87,359.1,27.3,78.8,27.7,0.1,1009,100.0,24.1
211,2026-03-06 20:00:00+00,0.97,352.9,27.1,80.2,25.9,0.2,1010,100.0,15.9
212,2026-03-06 21:00:00+00,2.27,349.8,26.9,80.7,25.6,0.1,1010,31.3,24.1
213,2026-03-06 22:00:00+00,1.92,349.5,26.8,80.7,25.2,0.2,1010,100.0,24.1
214,2026-03-06 23:00:00+00,0.33,347.8,26.8,80.7,25.2,0.2,1010,100.0,24.1
215,2026-03-07 00:00:00+00,0.1,6.4,26.1,82.6,22.7,0.0,1010,7.1,24.1
216,2026-03-07 01:00:00+00,0.15,180.2,25.9,83.5,24.1,0.0,1010,4.2,24.1
217,2026-03-07 02:00:00+00,0.3,343.9,25.9,83.0,25.2,0.0,1009,3.0,24.1
218,2026-03-07 03:00:00+00,0.55,346.5,25.9,83.5,20.9,0.0,1009,100.0,24.1
219,2026-03-07 04:00:00+00,0.91,349.9,25.8,82.5,20.9,0.0,1009,80.3,24.1
220,2026-03-07 05:00:00+00,0.74,351.5,25.8,82.0,22.7,0.0,1009,73.6,24.1
221,2026-03-07 06:00:00+00,1.22,354.4,25.9,81.0,25.2,0.0,1010,21.5,24.1
222,2026-03-07 07:00:00+00,1.41,353.3,26.3,80.1,27.4,0.0,1011,5.2,24.1
223,2026-03-07 08:00:00+00,2.47,352.1,26.7,79.7,29.9,0.0,1011,6.9,24.1
224,2026-03-07 09:00:00+00,2.46,353.6,26.9,78.8,29.9,0.0,1011,1.3,24.1
225,2026-03-07 10:00:00+00,2.86,353.5,27.2,76.9,29.2,0.0,1011,0.3,24.1
226,2026-03-07 11:00:00+00,2.5,17.6,27.3,76.5,28.1,0.0,1011,0.0,24.1
227,2026-03-07 12:00:00+00,2.98,4.7,27.5,75.1,28.1,0.0,1010,0.0,24.1
228,2026-03-07 13:00:00+00,2.95,353.1,27.9,72.9,25.6,0.0,1009,7.0,24.1
229,2026-03-07 14:00:00+00,3.75,348.8,28.1,73.4,25.6,0.0,1008,15.2,24.1
230,2026-03-07 15:00:00+00,2.82,352.1,28.1,74.3,29.2,0.1,1008,5.0,23.9
231,2026-03-07 16:00:00+00,2.28,334.5,28.0,76.6,32.4,0.2,1008,5.0,24.1
232,2026-03-07 17:00:00+00,1.22,320.9,27.8,77.0,37.8,0.3,1008,5.0,24.1
233,2026-03-07 18:00:00+00,0.97,318.5,27.7,77.5,42.1,0.2,1008,5.0,15.0
234,2026-03-07 19:00:00+00,1.01,322.3,27.2,78.8,40.3,0.4,1009,4.2,24.1
235,2026-03-07 20:00:00+00,0.86,317.6,26.9,80.7,39.2,0.4,1010,0.0,22.9
236,2026-03-07 21:00:00+00,0.94,319.3,26.9,79.7,37.8,0.0,1011,3.8,24.1
237,2026-03-07 22:00:00+00,1.07,320.2,26.7,80.2,35.3,0.0,1011,0.9,24.1
238,2026-03-07 23:00:00+00,1.09,319.0,26.6,80.7,33.1,0.0,1011,7.8,24.1
239,2026-03-08 00:00:00+00,0.73,320.3,26.5,81.1,31.3,0.0,1011,10.0,24.1
240,2026-03-08 01:00:00+00,0.66,320.3,26.4,81.6,28.1,0.0,1010,16.4,24.1
241,2026-03-08 02:00:00+00,0.61,320.5,26.2,82.1,24.5,0.0,1010,13.2,24.1
242,2026-03-08 03:00:00+00,0.63,316.7,25.8,83.0,19.4,0.0,1010,21.8,24.1
243,2026-03-08 04:00:00+00,0.73,314.6,25.5,84.0,18.0,0.1,1010,7.4,24.1
244,2026-03-08 05:00:00+00,0.67,328.9,25.5,84.0,15.5,0.0,1010,8.3,24.1
245,2026-03-08 06:00:00+00,0.55,318.3,25.5,83.5,15.1,0.0,1010,4.8,24.1
246,2026-03-08 07:00:00+00,1.01,321.4,25.9,82.5,16.6,0.0,1011,19.1,24.1
247,2026-03-08 08:00:00+00,1.46,321.5,26.4,79.7,17.3,0.0,1011,11.5,24.1
248,2026-03-08 10:00:00+00,4.54,102.2,27.2,74.6,16.6,0.0,1012,8.6,24.1
249,2026-03-08 11:00:00+00,6.13,108.5,27.4,74.2,18.4,0.0,1011,22.0,24.1
250,2026-03-08 12:00:00+00,6.84,21.2,27.6,73.8,19.1,0.0,1010,8.7,24.1
251,2026-03-08 13:00:00+00,6.84,29.2,27.9,72.9,21.6,0.0,1009,29.1,24.1
252,2026-03-08 14:00:00+00,6.84,25.8,27.9,75.2,24.5,0.1,1008,13.1,18.2
253,2026-03-08 15:00:00+00,6.84,15.1,27.4,77.4,25.9,0.5,1008,44.0,22.2
254,2026-03-08 16:00:00+00,6.84,7.1,27.0,78.8,28.4,0.7,1008,100.0,13.0
255,2026-03-08 17:00:00+00,6.84,12.4,26.4,83.1,33.1,1.2,1009,100.0,14.2
256,2026-03-08 18:00:00+00,6.84,19.0,25.9,85.6,34.6,1.8,1009,100.0,6.9
257,2026-03-08 19:00:00+00,6.84,23.8,25.9,85.6,33.8,1.5,1010,100.0,8.9
258,2026-03-08 20:00:00+00,6.84,12.0,25.8,85.6,35.3,1.6,1011,100.0,5.3
259,2026-03-08 21:00:00+00,6.84,15.8,25.8,86.1,31.3,1.8,1011,100.0,7.4
260,2026-03-08 22:00:00+00,6.84,15.6,25.8,86.1,31.0,1.7,1011,100.0,6.8
261,2026-03-08 23:00:00+00,6.84,19.2,25.8,86.1,31.0,1.7,1011,100.0,6.6
262,2026-03-09 00:00:00+00,6.84,9.1,25.8,86.1,30.6,0.9,1011,100.0,6.8
263,2026-03-09 01:00:00+00,6.84,19.0,25.5,87.7,29.2,1.4,1010,100.0,14.7
264,2026-03-09 02:00:00+00,6.84,19.0,25.4,88.2,27.7,2.0,1010,100.0,5.6
265,2026-03-09 03:00:00+00,6.84,19.3,25.6,85.6,33.5,0.4,1010,100.0,24.1
266,2026-03-09 04:00:00+00,6.84,7.8,25.5,86.1,32.8,0.4,1010,100.0,22.2
267,2026-03-09 05:00:00+00,6.84,21.2,25.5,86.6,31.7,0.8,1010,100.0,5.3
268,2026-03-09 06:00:00+00,6.84,24.1,25.5,86.1,28.8,1.3,1011,100.0,8.1
269,2026-03-09 07:00:00+00,6.84,357.4,25.3,88.2,25.6,1.0,1012,100.0,7.2
270,2026-03-09 08:00:00+00,6.84,10.9,25.0,89.8,25.9,1.6,1012,100.0,12.6
271,2026-03-09 09:00:00+00,6.84,22.6,25.4,86.1,28.4,0.5,1013,100.0,15.8
272,2026-03-09 10:00:00+00,6.84,19.1,25.5,85.6,28.4,0.6,1013,100.0,16.5
273,2026-03-09 13:00:00+00,13.68,80.5,25.8,84.0,29.2,0.9,1011,100.0,16.0
274,2026-03-09 14:00:00+00,13.68,82.2,26.0,83.6,31.0,1.0,1010,100.0,13.4
275,2026-03-09 15:00:00+00,13.68,27.2,25.6,85.0,29.5,2.4,1010,100.0,21.5
276,2026-03-09 16:00:00+00,13.68,22.5,25.6,85.6,33.1,1.9,1010,100.0,14.4
277,2026-03-09 17:00:00+00,13.68,7.1,25.7,84.5,37.4,1.4,1010,100.0,21.5
278,2026-03-09 18:00:00+00,1.75,63.5,25.6,84.5,39.2,1.6,1011,100.0,7.0
279,2026-03-10 07:00:00+00,1.89,0.2,25.7,75.3,40.7,0.0,1013,100.0,24.1
280,2026-03-10 08:00:00+00,1.89,358.8,25.9,73.9,41.4,0.0,1013,60.9,24.1
281,2026-03-10 09:00:00+00,1.78,360.0,26.2,73.5,40.7,0.0,1014,89.1,24.1
282,2026-03-10 10:00:00+00,2.16,354.4,26.3,72.7,38.2,0.0,1014,100.0,24.1
283,2026-03-10 11:00:00+00,2.69,355.7,26.5,72.2,34.6,0.0,1014,100.0,24.1
284,2026-03-10 12:00:00+00,2.55,356.4,26.5,73.6,31.0,0.1,1013,97.0,24.1
285,2026-03-10 13:00:00+00,2.32,355.6,26.5,74.5,30.6,0.0,1012,99.1,24.1
286,2026-03-10 14:00:00+00,2.21,358.1,26.6,72.7,32.8,0.0,1011,100.0,24.1
287,2026-03-10 15:00:00+00,2.37,1.7,26.7,72.7,36.0,0.0,1010,78.2,24.1
288,2026-03-10 16:00:00+00,2.07,359.3,26.7,74.5,38.9,0.0,1010,75.0,24.1
289,2026-03-10 17:00:00+00,1.71,357.0,26.2,78.2,41.8,0.0,1010,70.3,24.1
290,2026-03-10 18:00:00+00,1.65,358.0,25.8,77.7,44.6,0.0,1011,4.7,24.1
291,2026-03-10 19:00:00+00,1.79,3.9,25.6,78.1,43.2,0.0,1011,57.5,24.1
292,2026-03-10 20:00:00+00,2.1,359.0,25.6,77.6,42.8,0.0,1012,94.7,24.1
293,2026-03-10 21:00:00+00,1.87,359.3,25.5,77.1,39.6,0.0,1013,23.3,24.1
294,2026-03-10 22:00:00+00,1.72,359.7,25.5,77.1,39.6,0.0,1013,23.3,24.1
295,2026-03-10 23:00:00+00,1.7,357.1,25.4,75.7,36.7,0.0,1013,100.0,24.1
296,2026-03-11 00:00:00+00,1.7,1.9,25.3,76.2,35.3,0.0,1012,100.0,24.1
297,2026-03-11 01:00:00+00,1.5,358.5,25.3,75.7,36.0,0.0,1012,100.0,24.1
298,2026-03-11 02:00:00+00,1.59,358.4,25.3,76.2,36.0,0.0,1011,100.0,24.1
