month,hour,temp,humidity,precip,windgust,windspeed,winddir,sealevelpressure,cloudcover,visibility
1,0,26.710483870967742,82.89951612903226,0.23306451612903228,33.16532258064516,25.491935483870968,50.443548387096776,1011.6854838709677,74.94193548387096,22.91904761904762
1,1,26.61774193548387,83.25290322580646,0.2411290322580645,32.89274193548387,25.30483870967742,52.0991935483871,1011.1048387096774,74.24274193548388,23.228571428571428
1,2,26.521774193548385,83.5700806451613,0.24596774193548387,33.01048387096775,25.128225806451614,53.34193548387096,1010.516129032258,76.0733870967742,23.366666666666667
1,3,26.45725806451613,83.77379032258065,0.33306451612903226,34.24516129032258,25.031451612903226,51.23870967741936,1010.2741935483871,76.3967741935484,22.1
1,4,26.426612903225806,83.875,0.3338709677419355,34.395161290322584,25.023387096774194,52.773387096774194,1010.2903225806451,76.99758064516129,23.238095238095237
1,5,26.42258064516129,83.86153225806451,0.2862903225806452,34.4508064516129,25.049999999999997,54.61370967741936,1010.5241935483871,76.95483870967742,23.1
1,6,26.481451612903225,83.54379032258065,0.21290322580645163,34.406451612903226,22.598387096774193,48.8,1011.1209677419355,75.475,22.209523809523812
1,7,26.498387096774195,83.40282258064516,0.20887096774193548,34.34516129032258,23.508870967741935,52.5991935483871,1011.758064516129,74.64274193548388,23.166666666666668
1,8,26.57177419354839,83.00879032258065,0.2056910569105691,34.05528455284553,24.086290322580645,54.016935483870974,1012.3629032258065,73.94274193548387,22.795238095238098
1,9,26.669354838709676,82.49975806451613,0.16451612903225807,34.020967741935486,24.066129032258065,51.91209677419355,1012.7741935483871,75.30483870967741,22.847619047619048
1,10,26.776612903225807,81.8916935483871,0.16048387096774194,33.64758064516129,23.686290322580643,50.471774193548384,1012.6693548387096,74.65564516129032,23.242857142857144
1,11,26.916935483870965,81.1558870967742,0.15403225806451615,33.14677419354839,22.940322580645162,48.343548387096774,1012.1935483870968,75.03145161290323,23.17142857142857
1,12,27.05806451612903,80.40040322580644,0.17258064516129032,32.27741935483871,22.120967741935484,46.03709677419355,1011.483870967742,74.26048387096773,23.685714285714287
1,13,27.1508064516129,80.01451612903226,0.17419354838709677,31.080645161290324,21.51451612903226,42.85967741935484,1010.483870967742,74.05483870967741,23.604761904761908
1,14,27.218548387096774,79.8041129032258,0.16370967741935485,30.251612903225805,21.37983870967742,42.26048387096775,1009.6451612903226,74.09758064516129,22.928571428571427
1,15,27.253225806451614,79.93725806451613,0.44596774193548383,30.261290322580646,22.11774193548387,58.067741935483866,1009.3548387096774,74.59274193548387,23.376190476190477
1,16,27.24516129032258,80.27435483870968,0.45564516129032256,31.113709677419354,22.806451612903224,64.39435483870967,1009.5,74.20806451612903,22.038095238095238
1,17,27.208870967741937,80.68564516129032,0.4653225806451613,32.07096774193548,23.615322580645163,59.81935483870968,1009.8306451612904,75.21693548387097,21.042857142857144
1,18,27.13225806451613,81.26790322580645,0.3975806451612903,33.15161290322581,22.826612903225808,59.3258064516129,1010.5322580645161,75.65403225806452,22.81904761904762
1,19,27.07983870967742,81.4733870967742,0.30000000000000004,33.91048387096774,23.93306451612903,50.62822580645161,1011.0241935483871,76.12903225806451,22.55714285714286
1,20,27.061290322580643,81.38927419354839,0.23548387096774193,34.557258064516134,25.2241935483871,42.66451612903226,1011.6774193548387,76.04032258064517,21.91818181818182
1,21,26.979032258064517,81.79983870967742,0.2217741935483871,34.66612903225807,25.712903225806453,45.41612903225807,1012.0322580645161,74.43790322580645,23.34090909090909
1,22,26.896774193548385,82.04298387096775,0.2241935483870968,34.27258064516129,25.644354838709678,44.73548387096774,1012.016129032258,73.9733870967742,22.83636363636364
1,23,26.81693548387097,82.40064516129033,0.19112903225806452,33.75725806451613,25.6,48.06693548387097,1011.9354838709677,73.91854838709678,22.8
2,0,26.742477876106197,81.93176991150443,0.08495575221238938,33.72300884955752,24.96637168141593,59.49026548672566,1012.5132743362832,63.9212389380531,23.54
2,1,26.608849557522124,82.5724778761062,0.0743362831858407,33.43451327433628,24.807079646017698,59.5353982300885,1011.9203539823009,66.43185840707964,23.51
2,2,26.490265486725665,83.11345132743362,0.08761061946902655,33.11327433628319,24.825663716814162,59.431858407079645,1011.3362831858407,68.00619469026549,22.5
2,3,26.395575221238936,83.51371681415928,0.16017699115044248,34.20619469026549,24.961061946902653,58.94601769911504,1011.1238938053098,67.20442477876107,23.98
2,4,26.361946902654868,83.59699115044248,0.15398230088495574,34.356637168141596,25.212389380530972,61.78849557522124,1011.0884955752213,67.43008849557522,24.1
2,5,26.371681415929203,83.48699115044248,0.14601769911504425,34.56371681415929,25.342477876106194,62.382300884955754,1011.3982300884956,66.93097345132743,24.1
2,6,26.463716814159294,82.95292035398231,0.16106194690265485,34.802654867256635,23.282300884955752,57.45929203539823,1012.0176991150443,66.41592920353982,22.470000000000002
2,7,26.47699115044248,82.83778761061947,0.1752212389380531,34.769911504424776,24.130973451327435,58.26548672566372,1012.5398230088496,64.88672566371682,20.76
2,8,26.530973451327434,82.54407079646018,0.17964601769911506,34.776106194690264,24.799115044247788,56.37345132743363,1013.1769911504425,64.5,22.17
2,9,26.624778761061947,82.05221238938053,0.1743362831858407,34.59380530973451,24.670796460176994,56.63274336283186,1013.5221238938053,64.59115044247788,23.55
2,10,26.761946902654866,81.29699115044248,0.12831858407079647,33.99911504424779,23.953982300884956,55.76814159292036,1013.6017699115044,64.29026548672566,22.910000000000004
2,11,26.938938053097345,80.30893805309735,0.14247787610619467,33.220353982300885,22.927433628318585,53.47079646017699,1013.0176991150443,64.05398230088495,22.580000000000002
2,12,27.108849557522124,79.33654867256638,0.17345132743362834,31.853097345132745,21.90884955752212,50.77345132743363,1012.3097345132743,64.88230088495575,21.740000000000002
2,13,27.27522123893805,78.54283185840708,0.17787610619469027,30.3141592920354,20.7716814159292,46.614159292035396,1011.3805309734513,64.72212389380532,21.65
2,14,27.313274336283186,78.59814159292036,0.1690265486725664,29.17699115044248,20.090265486725663,58.170796460176994,1010.5398230088496,66.40442477876105,20.0
2,15,27.332743362831856,78.92504424778761,0.311504424778761,28.04778761061947,20.016814159292036,71.3070796460177,1010.2743362831858,67.40176991150442,21.31
2,16,27.33008849557522,79.47805309734514,0.3194690265486726,28.60353982300885,20.538938053097347,72.01946902654868,1010.2566371681415,67.22743362831858,20.71
2,17,27.335398230088497,79.99477876106195,0.25575221238938056,29.15575221238938,21.19646017699115,74.66194690265486,1010.6017699115044,66.36725663716814,17.48
2,18,27.322123893805312,80.4095575221239,0.2336283185840708,29.553097345132745,20.36371681415929,73.82300884955752,1011.0619469026549,66.20796460176992,21.0
2,19,27.272566371681418,80.53796460176991,0.24778761061946902,30.802654867256635,21.643362831858404,64.48141592920354,1011.7168141592921,65.70265486725664,21.07
2,20,27.206194690265487,80.59159292035399,0.21327433628318582,32.37079646017699,23.445132743362834,59.01592920353983,1012.3008849557522,65.15044247787611,22.09
2,21,27.13982300884956,80.54681415929204,0.1442477876106195,33.657522123893806,24.627433628318585,57.403539823008856,1012.858407079646,63.3716814159292,23.12
2,22,27.00176991150442,80.89123893805309,0.10530973451327434,34.46017699115044,25.080530973451328,60.068141592920355,1012.9203539823009,60.896460176991155,24.1
2,23,26.86371681415929,81.38070796460177,0.09469026548672567,34.33185840707964,25.17345132743363,58.70265486725663,1012.8141592920354,61.935398230088495,21.9
3,0,27.07983870967742,81.63048387096775,0.10161290322580645,29.56451612903226,22.780645161290323,58.06290322580645,1011.8225806451613,57.33709677419355,
3,1,26.90806451612903,82.30467741935485,0.1217741935483871,29.08709677419355,22.53790322580645,59.14354838709678,1011.1935483870968,60.12419354838709,
3,2,26.75483870967742,82.94435483870969,0.13145161290322582,28.733064516129033,22.44193548387097,60.023387096774194,1010.6854838709677,62.145161290322584,
3,3,26.65806451612903,83.27774193548387,0.10161290322580645,30.288709677419355,22.43306451612903,60.26370967741936,1010.483870967742,63.4741935483871,
3,4,26.601612903225806,83.54427419354839,0.10483870967741936,30.429032258064513,22.36774193548387,60.689516129032256,1010.4112903225806,63.55806451612903,
3,5,26.570967741935487,83.62185483870968,0.13145161290322582,30.385483870967743,22.32741935483871,61.428225806451614,1010.6774193548387,62.641935483870974,
3,6,26.70967741935484,82.80016129032258,0.17903225806451611,30.426612903225806,20.80806451612903,56.18709677419355,1011.2983870967741,61.95887096774193,
3,7,26.736290322580647,82.68766129032258,0.1879032258064516,30.412096774193547,21.376612903225805,56.65887096774193,1012.008064516129,60.79435483870968,
3,8,26.77741935483871,82.50064516129032,0.17822580645161293,30.201612903225808,21.600806451612904,56.196774193548386,1012.5403225806451,60.72741935483871,
3,9,26.885483870967743,81.98427419354839,0.14596774193548387,29.871774193548386,21.66532258064516,56.48467741935484,1012.9758064516129,60.08790322580645,
3,10,27.03467741935484,81.1541935483871,0.11612903225806452,29.21451612903226,21.03306451612903,56.295967741935485,1012.9677419354839,60.71612903225807,
3,11,27.20403225806452,80.18024193548388,0.0967741935483871,28.04274193548387,19.693548387096776,53.916935483870965,1012.3467741935484,59.152419354838706,
3,12,27.399193548387096,79.09604838709677,0.08870967741935484,26.353225806451615,18.38064516129032,49.502419354838715,1011.7096774193549,59.270967741935486,
3,13,27.51290322580645,78.64556451612903,0.07822580645161291,24.970967741935485,17.51451612903226,42.928225806451614,1010.741935483871,61.03387096774193,
3,14,27.58225806451613,78.65040322580644,0.05887096774193548,24.141935483870967,17.353225806451615,65.40645161290323,1010.0564516129032,61.49193548387097,
3,15,27.621774193548386,78.94,0.15241935483870966,25.154838709677417,17.854032258064517,79.12016129032257,1009.5887096774194,59.748387096774195,
3,16,27.62983870967742,79.49137096774194,0.15483870967741936,25.93306451612903,18.720967741935485,93.21290322580644,1009.483870967742,59.49032258064516,
3,17,27.612903225806452,80.21806451612903,0.1403225806451613,26.416935483870965,19.236290322580647,84.62983870967743,1009.766129032258,60.468548387096774,
3,18,27.57741935483871,80.8115322580645,0.13951612903225807,26.906451612903226,18.97983870967742,84.43387096774192,1010.1693548387096,61.05,
3,19,27.529838709677417,81.28645161290324,0.15403225806451615,27.88951612903226,20.20241935483871,66.8016129032258,1010.8145161290323,61.291935483870965,
3,20,27.479032258064517,81.36596774193548,0.16048387096774194,28.65564516129032,21.383870967741935,47.95,1011.3467741935484,60.63306451612903,
3,21,27.449193548387097,81.07435483870967,0.14596774193548387,29.293548387096774,22.05806451612903,48.2008064516129,1011.8548387096774,59.12016129032258,
3,22,27.38225806451613,80.91741935483871,0.12903225806451613,29.595161290322583,22.551612903225806,53.17258064516129,1012.1532258064516,56.8233870967742,
3,23,27.261290322580646,81.13435483870968,0.12016129032258065,29.57177419354839,22.510483870967743,56.88467741935484,1012.0725806451613,56.71209677419355,
4,0,27.855,80.70541666666666,0.20583333333333334,25.897499999999997,19.805,86.93833333333333,1010.3333333333334,58.288333333333334,
4,1,27.685,81.2025,0.17,25.67,19.4325,86.37833333333333,1009.7416666666667,60.711666666666666,
4,2,27.53666666666667,81.69175,0.17666666666666667,25.410833333333336,19.204166666666666,88.88166666666666,1009.225,63.43083333333333,
4,3,27.430833333333332,82.02991666666667,0.2,26.4225,18.86916666666667,89.9375,1008.8583333333333,64.59666666666666,
4,4,27.3575,82.20866666666667,0.18333333333333332,26.272499999999997,18.704166666666666,87.93416666666667,1008.8833333333333,65.5975,
4,5,27.334999999999997,82.28625000000001,0.2025,26.215,18.576666666666664,88.43083333333334,1009.2833333333333,65.92083333333333,
4,6,27.4375,81.81758333333333,0.19916666666666666,25.845833333333335,16.7875,82.87916666666666,1009.7916666666666,67.49083333333333,
4,7,27.45583333333333,81.64691666666666,0.22666666666666666,25.4525,17.095833333333335,85.33083333333335,1010.4333333333333,66.545,
4,8,27.50583333333333,81.34441666666666,0.22083333333333333,25.20583333333333,16.964166666666667,85.32916666666667,1011.0916666666667,64.48,
4,9,27.618333333333332,80.68483333333333,0.18583333333333335,24.94,16.620833333333334,85.71333333333334,1011.4666666666667,64.66666666666667,
4,10,27.769166666666667,79.82341666666666,0.17666666666666667,24.102500000000003,15.994166666666667,83.21416666666667,1011.2833333333333,64.00333333333333,
4,11,27.956666666666667,78.74991666666666,0.15666666666666668,22.9575,15.108333333333333,80.55166666666668,1010.8666666666667,63.233333333333334,
4,12,28.113333333333333,77.83458333333333,0.1383333333333333,21.716666666666665,14.182500000000001,75.39833333333333,1010.1833333333333,61.74083333333333,
4,13,28.198333333333334,77.41275,0.14333333333333334,20.688333333333333,13.452499999999999,66.75416666666666,1009.3,61.361666666666665,
4,14,28.246666666666666,77.40633333333334,0.16166666666666665,20.325,13.4825,78.59666666666666,1008.5,60.06166666666666,
4,15,28.302500000000002,77.40558333333334,0.2808333333333334,20.910833333333336,14.126666666666667,97.75166666666668,1008.0666666666667,59.06583333333333,
4,16,28.34,77.63191666666667,0.26083333333333336,21.503333333333334,14.864166666666668,119.52416666666666,1007.9833333333333,57.167500000000004,
4,17,28.3275,78.27074999999999,0.23,22.1425,15.364166666666668,103.9925,1008.175,55.98583333333333,
4,18,28.4125,78.70458333333333,0.22333333333333333,22.776666666666664,15.845833333333333,100.49333333333334,1008.6583333333333,56.5875,
4,19,28.363333333333333,79.39058333333334,0.22000000000000003,23.58833333333333,16.806666666666665,84.9525,1009.375,57.4025,
4,20,28.315833333333334,79.7035,0.19583333333333333,24.58833333333333,17.805833333333332,70.655,1009.9,57.876666666666665,
4,21,28.250833333333333,79.64758333333333,0.18416666666666667,25.58,18.909166666666668,70.66499999999999,1010.4416666666667,57.50833333333333,
4,22,28.183333333333334,79.645,0.18166666666666667,25.8675,19.6075,75.45416666666667,1010.8083333333333,56.4525,
4,23,28.04416666666667,80.04225,0.19083333333333333,25.956666666666667,19.971666666666668,84.97083333333333,1010.6833333333333,56.649166666666666,
5,0,28.283870967741933,81.05959677419354,0.25725806451612904,21.775,14.570967741935483,117.53709677419356,1010.016129032258,69.29435483870968,
5,1,28.129032258064516,81.53943548387096,0.2806451612903226,21.646774193548385,14.312096774193549,120.87016129032257,1009.4354838709677,70.43709677419355,
5,2,27.991129032258065,81.94145161290322,0.3290322580645161,21.450000000000003,14.25,124.57016129032259,1008.9758064516129,70.86209677419355,
5,3,27.907258064516128,82.18201612903225,0.42338709677419356,21.60967741935484,14.317741935483872,122.20322580645161,1008.7096774193549,71.81935483870969,
5,4,27.87983870967742,82.23266129032258,0.36693548387096775,21.645967741935483,14.070967741935483,125.7766129032258,1008.6935483870968,74.13951612903226,
5,5,27.868548387096773,82.18096774193549,0.29838709677419356,21.440322580645162,14.171774193548387,125.48709677419355,1009.016129032258,74.3508064516129,
5,6,28.054032258064513,81.4058064516129,0.275,21.55483870967742,12.649193548387096,127.63387096774194,1009.2903225806451,74.92177419354839,
5,7,28.103225806451615,81.17362903225806,0.21451612903225808,21.649193548387096,12.931451612903226,123.3959677419355,1009.8790322580645,72.16935483870968,
5,8,28.174193548387095,80.87798387096775,0.18467741935483872,21.461290322580645,13.030645161290321,120.18870967741935,1010.3790322580645,69.99032258064516,
5,9,28.276612903225807,80.36620967741935,0.19274193548387097,21.36774193548387,12.98225806451613,124.47096774193548,1010.6693548387096,69.55000000000001,
5,10,28.39516129032258,79.74862903225807,0.1975806451612903,21.123387096774195,12.725000000000001,123.20967741935483,1010.4758064516129,68.10645161290323,
5,11,28.546774193548387,78.8759677419355,0.16129032258064516,20.59193548387097,11.974193548387097,126.58870967741936,1010.0887096774194,67.625,
5,12,28.687096774193545,78.12548387096774,0.10725806451612904,19.499193548387098,10.966935483870968,128.16209677419354,1009.4677419354839,65.37016129032257,
5,13,28.789516129032258,77.63814516129031,0.11048387096774193,18.190322580645162,9.893548387096773,131.3556451612903,1008.758064516129,64.825,
5,14,28.870967741935484,77.30274193548388,0.12177419354838709,17.447580645161292,9.475000000000001,143.2274193548387,1008.016129032258,63.57258064516129,
5,15,28.948387096774194,77.0133870967742,0.13306451612903225,16.37338709677419,9.764516129032257,155.71451612903226,1007.5887096774194,63.24112903225806,
5,16,29.02741935483871,76.85927419354839,0.1306451612903226,16.812903225806455,10.291935483870969,159.73145161290324,1007.5241935483871,63.15967741935484,
5,17,29.01532258064516,77.22177419354838,0.14193548387096774,17.092741935483872,11.223387096774195,149.06451612903226,1007.766129032258,64.06370967741935,
5,18,29.128225806451614,77.28887096774193,0.17096774193548386,18.398387096774194,11.546774193548387,129.28225806451613,1008.2903225806451,66.21370967741936,
5,19,28.987903225806452,78.39451612903225,0.20080645161290323,19.774193548387096,12.672580645161291,113.775,1009.1129032258065,67.04193548387097,
5,20,28.833870967741937,79.34540322580645,0.22258064516129034,20.718548387096774,13.606451612903227,116.56612903225808,1009.6451612903226,68.87258064516129,
5,21,28.716129032258067,79.8716935483871,0.2241935483870968,21.11935483870968,14.258064516129032,127.13870967741936,1010.1612903225806,69.89274193548388,
5,22,28.592741935483872,80.3283064516129,0.2661290322580645,21.503225806451614,14.656451612903227,121.84677419354838,1010.508064516129,69.42903225806452,
5,23,28.440322580645162,80.80612903225806,0.2975806451612903,21.79596774193548,14.803225806451612,120.85161290322581,1010.4435483870968,69.26612903225806,
6,0,27.825,82.87858333333334,0.49916666666666665,19.450833333333332,10.905,151.23416666666665,1009.95,82.41833333333334,
6,1,27.654999999999998,83.48216666666667,0.5458333333333333,19.184166666666666,11.019166666666667,162.91083333333333,1009.4583333333334,83.32166666666667,
6,2,27.559166666666666,83.70158333333333,0.5266666666666667,19.101666666666667,10.9075,160.68583333333333,1009.0333333333333,82.7475,
6,3,27.5625,83.48241666666667,0.5341666666666666,18.924166666666668,10.909166666666666,156.70333333333335,1008.7583333333333,83.815,
6,4,27.566666666666666,83.22775,0.5825,19.1175,10.920833333333333,161.37916666666666,1008.9166666666666,84.69416666666666,
6,5,27.509166666666665,83.55866666666667,0.565,19.07,11.090833333333334,161.34333333333333,1009.05,84.85083333333334,
6,6,27.694166666666668,82.30891666666666,0.45249999999999996,19.445833333333333,9.610000000000001,158.38500000000002,1009.35,83.63416666666667,
6,7,27.738333333333333,82.2175,0.3958333333333333,19.493333333333332,9.84,152.65916666666666,1009.9333333333333,83.54833333333333,
6,8,27.8125,81.85741666666667,0.31666666666666665,19.455,10.079166666666667,158.25750000000002,1010.2,80.62666666666668,
6,9,27.950833333333332,81.22483333333334,0.24833333333333335,19.379166666666666,10.151666666666667,157.48250000000002,1010.4916666666667,79.78916666666667,
6,10,28.045,80.81408333333334,0.23,19.729166666666668,10.207500000000001,164.79333333333335,1010.2416666666667,80.37083333333334,
6,11,28.151666666666664,80.37225,0.2075,19.736666666666668,10.376666666666667,163.11416666666668,1009.9416666666667,81.10416666666667,
6,12,28.276666666666664,79.77250000000001,0.15166666666666667,19.215,10.025,165.86916666666667,1009.4333333333333,80.86916666666666,
6,13,28.399166666666666,79.19924999999999,0.13,18.040000000000003,9.125,168.075,1008.8083333333333,80.975,
6,14,28.496666666666666,78.69808333333334,0.11666666666666667,17.246666666666666,8.4625,166.53166666666667,1008.075,81.57333333333332,
6,15,28.58,78.37683333333332,0.13833333333333334,15.738333333333333,8.695833333333333,169.1,1007.6583333333333,83.86833333333334,
6,16,28.648333333333333,78.21191666666667,0.12166666666666666,16.378333333333334,9.355833333333333,154.88250000000002,1007.625,86.08416666666668,
6,17,28.68,78.28666666666666,0.1375,17.134999999999998,10.349166666666667,148.42000000000002,1007.9333333333333,88.2425,
6,18,28.715,78.81291666666667,0.23249999999999998,18.194166666666668,10.568333333333333,141.09,1008.2166666666667,89.16083333333333,
6,19,28.550833333333333,79.88133333333333,0.3383333333333333,19.140833333333333,11.219166666666666,137.18083333333334,1009.0833333333334,88.96000000000001,
6,20,28.375,80.82549999999999,0.42416666666666664,19.657500000000002,12.004166666666666,139.47916666666666,1009.5583333333333,88.26583333333333,
6,21,28.230833333333333,81.34958333333334,0.4875,19.71916666666667,11.540833333333333,140.53833333333333,1010.075,86.66833333333334,
6,22,28.113333333333333,81.85,0.46166666666666667,19.385833333333334,11.297500000000001,149.21,1010.3333333333334,84.81583333333333,
6,23,27.954166666666666,82.41799999999999,0.4975,19.1825,10.964166666666667,149.31833333333333,1010.35,82.87583333333333,
7,0,27.86935483870968,82.19669354838709,0.5540322580645162,23.7758064516129,14.671774193548387,180.22016129032258,1008.8306451612904,91.15483870967742,
7,1,27.789516129032258,82.4208870967742,0.5153225806451612,24.19516129032258,15.195967741935483,187.19112903225806,1008.3790322580645,91.89032258064516,
7,2,27.686290322580643,82.74967741935482,0.49838709677419357,25.17983870967742,15.30967741935484,192.11854838709678,1007.9032258064516,93.09032258064516,
7,3,27.611290322580647,82.90048387096775,0.6387096774193549,24.8491935483871,15.63225806451613,202.56451612903226,1007.6774193548387,93.06612903225808,
7,4,27.55564516129032,83.15241935483871,0.6443548387096775,25.344354838709677,15.795967741935485,204.21854838709677,1007.6693548387096,91.97177419354838,
7,5,27.580645161290324,82.94338709677419,0.575,25.578225806451613,16.005645161290325,198.6209677419355,1007.8629032258065,92.26209677419355,
7,6,27.812096774193545,81.49169354838709,0.4645161290322581,25.341129032258067,14.412903225806453,210.13064516129032,1008.0725806451613,91.13306451612904,
7,7,27.891935483870967,81.12629032258064,0.3258064516129032,25.231451612903225,14.49274193548387,205.24435483870968,1008.5322580645161,90.04838709677419,
7,8,27.934677419354838,80.95959677419354,0.3120967741935484,25.031451612903226,14.596774193548388,195.1491935483871,1008.9193548387096,89.5508064516129,
7,9,28.00564516129032,80.72838709677418,0.2806451612903226,25.08951612903226,14.680645161290323,193.7459677419355,1009.233870967742,90.21532258064516,
7,10,28.11048387096774,80.29129032258065,0.23387096774193547,25.374193548387098,14.738709677419354,194.3943548387097,1009.0887096774194,90.26370967741936,
7,11,28.245967741935484,79.61475806451612,0.18306451612903224,25.203225806451613,14.59758064516129,188.55161290322582,1008.6209677419355,89.23709677419355,
7,12,28.393548387096775,78.86604838709677,0.13870967741935483,24.760483870967743,14.288709677419355,188.91612903225806,1008.1532258064516,87.41370967741935,
7,13,28.508870967741935,78.20395161290323,0.14919354838709678,24.162096774193547,13.830645161290322,190.6524193548387,1007.6129032258065,87.54516129032258,
7,14,28.59032258064516,77.87975806451612,0.16774193548387098,23.05806451612903,13.504838709677419,202.5274193548387,1006.9758064516129,87.76129032258065,
7,15,28.66774193548387,77.62362903225807,0.17258064516129032,21.99516129032258,13.176612903225807,202.93951612903226,1006.6612903225806,88.43064516129031,
7,16,28.697580645161292,77.68225806451613,0.19596774193548389,22.364516129032257,13.658064516129032,194.9774193548387,1006.6854838709677,89.43709677419355,
7,17,28.67096774193548,78.10935483870968,0.3096774193548387,22.983870967741936,14.082258064516129,190.0217741935484,1006.983870967742,90.43790322580645,
7,18,28.68951612903226,78.71274193548386,0.40564516129032263,23.475806451612904,14.231451612903227,193.5016129032258,1007.3629032258065,91.34193548387097,
7,19,28.491935483870968,79.98774193548387,0.5048387096774194,23.904032258064515,14.746774193548386,191.19032258064516,1008.1451612903226,92.94596774193548,
7,20,28.31048387096774,80.92983870967741,0.5459677419354839,23.88790322580645,15.066129032258065,185.52096774193546,1008.733870967742,92.99516129032257,
7,21,28.182258064516127,81.4108870967742,0.5411290322580645,23.919354838709676,14.939516129032258,176.7540322580645,1009.1129032258065,92.20887096774193,
7,22,28.108870967741936,81.59137096774194,0.4629032258064516,24.049193548387095,14.473387096774195,177.55806451612904,1009.4112903225806,92.75967741935484,
7,23,27.99435483870968,81.8808064516129,0.5258064516129033,23.326612903225808,14.446774193548388,176.6709677419355,1009.2903225806451,92.20645161290322,
8,0,27.816129032258065,82.06145161290323,0.40483870967741936,20.075000000000003,11.866935483870968,200.5572580645161,1009.8387096774194,86.3991935483871,
8,1,27.708870967741937,82.38806451612903,0.39838709677419354,20.76532258064516,12.383870967741935,200.82016129032257,1009.3225806451613,85.47096774193548,
8,2,27.623387096774195,82.54846774193548,0.41854838709677417,21.491935483870968,12.625,203.69758064516128,1008.9274193548387,85.29274193548386,
8,3,27.56693548387097,82.70774193548387,0.43870967741935485,20.87983870967742,12.86774193548387,208.708064516129,1008.5403225806451,86.81370967741935,
8,4,27.54758064516129,82.70145161290323,0.4370967741935484,21.44677419354839,12.821774193548388,206.60645161290324,1008.5887096774194,88.16612903225807,
8,5,27.563709677419357,82.5108870967742,0.4112903225806452,21.37983870967742,12.8,205.61532258064514,1008.8548387096774,88.49112903225806,
8,6,27.750806451612902,81.23879032258066,0.3959677419354839,21.186290322580643,11.515322580645162,216.20967741935485,1009.0403225806451,88.51693548387097,
8,7,27.820967741935487,80.91459677419354,0.34919354838709676,21.118548387096773,11.591129032258063,217.23145161290324,1009.4516129032259,87.09758064516129,
8,8,27.904032258064515,80.46104838709678,0.29354838709677417,20.98225806451613,11.711290322580645,204.9741935483871,1009.9758064516129,86.63548387096773,
8,9,27.970967741935485,80.18935483870968,0.2524193548387097,20.963709677419356,11.728225806451613,204.8524193548387,1010.2822580645161,86.56048387096774,
8,10,28.07177419354839,79.70701612903225,0.22258064516129034,21.126612903225805,11.783064516129032,204.93790322580645,1010.0564516129032,86.96209677419354,
8,11,28.20967741935484,79.0825,0.20403225806451614,21.379032258064516,11.630645161290323,207.50967741935486,1009.6935483870968,84.76774193548388,
8,12,28.358870967741936,78.39572580645161,0.1588709677419355,20.81693548387097,11.543548387096775,208.8483870967742,1009.1048387096774,85.11370967741935,
8,13,28.47741935483871,77.79177419354839,0.1282258064516129,20.336290322580645,10.948387096774193,209.91935483870967,1008.4596774193549,85.51209677419355,
8,14,28.56935483870968,77.37161290322581,0.1362903225806452,19.541129032258063,10.473387096774195,208.6266129032258,1007.741935483871,83.81290322580645,
8,15,28.649193548387096,77.07330645161291,0.14193548387096774,18.208064516129035,10.15241935483871,210.43790322580645,1007.516129032258,82.775,
8,16,28.663709677419355,77.21895161290323,0.16774193548387098,18.06693548387097,10.248387096774193,213.05967741935484,1007.5,83.4483870967742,
8,17,28.64516129032258,77.57322580645162,0.21370967741935484,18.14516129032258,10.768548387096773,204.64274193548388,1007.8548387096774,84.84435483870968,
8,18,28.68306451612903,77.90072580645162,0.34838709677419355,18.838709677419356,11.381451612903225,202.87983870967741,1008.1451612903226,86.77903225806452,
8,19,28.533870967741933,78.9841935483871,0.442741935483871,19.68548387096774,11.879838709677419,202.28387096774193,1008.9193548387096,87.23145161290323,
8,20,28.311290322580643,80.22282258064516,0.5080645161290323,20.425806451612903,12.275806451612903,196.87016129032259,1009.5725806451613,85.84677419354838,
8,21,28.188709677419357,80.76427419354839,0.5193548387096775,20.626612903225805,12.179032258064517,195.55,1010.0887096774194,86.25806451612904,
8,22,28.04758064516129,81.3674193548387,0.4991935483870968,20.10967741935484,11.736290322580645,187.1258064516129,1010.4112903225806,87.34758064516129,
8,23,27.908870967741933,81.83862903225807,0.5016129032258064,20.193548387096776,11.616935483870968,189.0790322580645,1010.2741935483871,87.6516129032258,
9,0,27.947499999999998,81.90583333333333,0.4375,23.158333333333335,14.408333333333333,192.91916666666665,1009.3333333333334,91.33,21.339285714285715
9,1,27.8175,82.33091666666665,0.45666666666666667,23.783333333333335,14.8225,194.86,1008.7666666666667,91.85166666666667,18.985714285714288
9,2,27.725,82.64358333333332,0.46499999999999997,23.834999999999997,15.086666666666668,195.87416666666667,1008.3583333333333,92.85416666666667,19.775000000000002
9,3,27.677500000000002,82.76841666666665,0.5133333333333333,24.110833333333336,15.471666666666666,202.06916666666666,1008.0416666666666,92.73583333333333,21.432142857142857
9,4,27.674166666666668,82.81591666666667,0.53,24.570833333333333,15.460833333333333,199.33083333333335,1008.0333333333333,91.9075,21.242857142857144
9,5,27.685833333333335,82.68408333333333,0.515,24.234166666666667,15.349166666666667,195.73416666666665,1008.375,91.94083333333333,22.217857142857145
9,6,27.850833333333334,81.38108333333334,0.45416666666666666,24.09,13.6275,206.37083333333334,1008.6083333333333,90.63833333333334,22.589285714285715
9,7,27.894166666666667,81.22191666666666,0.445,23.985833333333336,14.151666666666667,205.06833333333333,1009.1833333333333,87.85416666666667,22.589285714285715
9,8,27.99416666666667,80.78075,0.39499999999999996,24.33,14.375833333333333,197.82916666666668,1009.7916666666666,86.76333333333334,21.107142857142858
9,9,28.111666666666668,80.21433333333333,0.26333333333333336,24.359166666666667,14.274166666666668,192.44833333333332,1010.0583333333333,86.64416666666666,20.907142857142862
9,10,28.2075,79.81075000000001,0.2325,23.80666666666667,14.175,190.13500000000002,1009.85,87.35833333333333,22.017857142857142
9,11,28.301666666666666,79.38241666666666,0.23333333333333334,23.802500000000002,13.929166666666667,200.1125,1009.3666666666667,88.8775,21.803571428571427
9,12,28.41,78.84925,0.21833333333333335,23.315,13.465833333333334,197.57166666666666,1008.65,88.0475,22.396428571428572
9,13,28.520833333333332,78.27125,0.19499999999999998,23.050833333333333,13.0375,200.07416666666668,1007.8083333333333,87.7475,21.460714285714285
9,14,28.586666666666666,77.82491666666667,0.20166666666666666,22.778333333333332,12.563333333333333,207.18916666666667,1007.175,86.61416666666668,22.196428571428573
9,15,28.618333333333332,77.66041666666666,0.16916666666666666,20.433333333333334,12.435833333333333,208.58583333333334,1006.95,87.50416666666666,22.95
9,16,28.65083333333333,77.63825,0.2,20.951666666666664,12.835833333333333,208.73333333333332,1007.0916666666667,90.22166666666666,20.75357142857143
9,17,28.5825,78.22883333333333,0.2341666666666667,21.179166666666667,13.202499999999999,199.23166666666665,1007.5,90.685,22.839285714285715
9,18,28.725,78.19924999999999,0.365,21.727500000000003,13.2775,196.43583333333333,1007.8666666666667,90.65666666666667,22.314285714285717
9,19,28.475,79.71575,0.5458333333333333,22.470833333333335,13.834166666666667,197.01749999999998,1008.7,91.77083333333333,21.767857142857142
9,20,28.323333333333334,80.62166666666667,0.5383333333333333,22.676666666666666,13.859166666666665,190.725,1009.3,91.8275,22.364285714285717
9,21,28.2475,80.94758333333333,0.505,22.475,13.6025,190.69666666666666,1009.825,92.38416666666667,21.689285714285717
9,22,28.164166666666667,81.20666666666666,0.4666666666666667,22.178333333333335,13.789166666666667,190.37666666666667,1010.0916666666667,92.1,19.87142857142857
9,23,28.054166666666667,81.58091666666665,0.4925,22.395,14.135,190.4875,1009.9166666666666,91.88166666666666,21.367857142857144
10,0,27.66532258064516,83.08733870967743,0.5395161290322581,23.337903225806453,15.17741935483871,146.44032258064516,1009.5322580645161,82.40645161290323,20.754166666666666
10,1,27.55483870967742,83.30661290322581,0.5080645161290323,22.864516129032257,14.861290322580645,151.72016129032258,1008.8548387096774,85.04032258064517,19.71666666666667
10,2,27.5,83.45524193548388,0.49354838709677423,22.77016129032258,14.86209677419355,149.83064516129033,1008.4596774193549,85.0508064516129,20.15625
10,3,27.416935483870965,83.79266129032257,0.6451612903225806,23.708870967741937,15.058870967741935,156.67419354838708,1008.1612903225806,85.29677419354839,20.477083333333336
10,4,27.423387096774192,83.69774193548388,0.6395161290322581,23.932258064516127,14.758064516129032,156.24435483870968,1008.25,83.91532258064517,21.512500000000003
10,5,27.42822580645161,83.67120967741936,0.6741935483870968,23.887096774193548,14.725000000000001,155.48387096774192,1008.5725806451613,84.79354838709678,19.958333333333332
10,6,27.55564516129032,82.735,0.5403225806451613,23.895967741935483,13.991129032258065,164.0483870967742,1009.0,82.99838709677418,20.7
10,7,27.64516129032258,82.38088709677419,0.40403225806451615,23.75564516129032,13.922580645161291,154.0991935483871,1009.5887096774194,81.3024193548387,22.277083333333334
10,8,27.80322580645161,81.75645161290322,0.2959677419354839,23.54596774193548,13.725806451612904,152.13629032258066,1010.1774193548387,80.32661290322581,22.356250000000003
10,9,27.923387096774192,81.23379032258065,0.2588709677419355,23.111290322580647,13.831451612903225,153.8524193548387,1010.4758064516129,79.32096774193548,22.58541666666667
10,10,28.009677419354837,80.85846774193548,0.2620967741935484,22.596774193548388,13.648387096774194,150.78790322580645,1010.3306451612904,78.26854838709677,21.714583333333334
10,11,28.112903225806452,80.32758064516129,0.2564516129032258,22.33467741935484,13.26774193548387,160.38790322580644,1009.6451612903226,77.56532258064516,22.4375
10,12,28.213709677419356,79.85370967741936,0.2064516129032258,21.967741935483872,13.062903225806451,165.52983870967742,1008.8790322580645,75.70161290322581,22.24166666666667
10,13,28.294354838709676,79.45548387096774,0.1532258064516129,21.76451612903226,12.971774193548388,170.65806451612903,1008.0725806451613,74.86451612903227,23.152083333333334
10,14,28.391129032258064,79.0042741935484,0.13306451612903225,21.36048387096774,13.293548387096775,178.07822580645163,1007.3870967741935,76.68790322580645,22.493750000000002
10,15,28.47983870967742,78.79620967741936,0.23225806451612904,21.770967741935483,13.843548387096773,180.59596774193548,1007.233870967742,78.57822580645161,22.945833333333336
10,16,28.461290322580645,79.08451612903225,0.23629032258064517,21.894354838709678,14.230645161290322,181.6274193548387,1007.3064516129032,78.04274193548386,22.347916666666666
10,17,28.375,79.77887096774194,0.2862903225806452,22.21532258064516,14.416935483870969,170.1733870967742,1007.7741935483871,80.27258064516128,22.510416666666668
10,18,28.32741935483871,80.13290322580644,0.4129032258064516,22.88790322580645,14.880645161290323,149.05806451612904,1008.1612903225806,82.37016129032257,22.46041666666667
10,19,28.169354838709676,80.92645161290322,0.48145161290322586,23.88225806451613,15.578225806451613,140.73467741935482,1008.9032258064516,82.54032258064517,22.1875
10,20,28.062903225806455,81.61427419354838,0.43387096774193545,24.10967741935484,15.837903225806452,137.18306451612904,1009.741935483871,82.11048387096774,21.733333333333334
10,21,28.018548387096775,81.79717741935484,0.357258064516129,23.718548387096774,15.758064516129032,137.4774193548387,1010.1532258064516,80.91612903225807,21.599999999999998
10,22,27.898387096774194,82.27459677419354,0.4685483870967742,23.524193548387096,15.337903225806452,141.43790322580645,1010.1451612903226,80.74112903225806,20.8625
10,23,27.78306451612903,82.6758064516129,0.5411290322580645,23.286290322580644,15.218548387096773,149.34193548387097,1009.9677419354839,80.40806451612903,20.514583333333334
11,0,27.819166666666668,83.08975000000001,0.3158333333333333,27.554166666666667,19.429166666666667,96.01166666666667,1010.0166666666667,67.2025,21.128301886792453
11,1,27.690833333333334,83.5645,0.32583333333333336,27.520833333333332,19.489166666666666,104.615,1009.3833333333333,68.7025,20.91320754716981
11,2,27.57,84.0825,0.34833333333333333,27.259166666666665,19.6225,94.65083333333334,1008.9741666666666,70.6675,21.50943396226415
11,3,27.4925,84.40474999999999,0.5508333333333333,28.795,19.688333333333333,109.11583333333333,1008.7333333333333,70.67666666666668,20.77358490566038
11,4,27.4525,84.569,0.43333333333333335,28.949166666666667,19.934166666666666,104.4575,1008.775,71.18666666666667,20.294339622641512
11,5,27.471666666666668,84.47016666666667,0.36333333333333334,29.408333333333335,20.128333333333334,101.73833333333333,1009.0983333333334,72.0775,20.515094339622642
11,6,27.671666666666667,83.29908333333333,0.29083333333333333,29.953333333333333,18.313333333333333,100.42416666666666,1009.6416666666667,70.67666666666668,21.581132075471697
11,7,27.76833333333333,82.85658333333335,0.26666666666666666,29.901666666666664,18.936666666666667,98.22166666666666,1010.2416666666667,68.1,20.139622641509437
11,8,27.90583333333333,82.284,0.275,29.83083333333333,19.398333333333333,89.7525,1010.7975,67.82,20.11320754716981
11,9,28.065,81.49183333333333,0.27749999999999997,29.63083333333333,19.59416666666667,89.19166666666666,1011.1,65.555,20.530188679245285
11,10,28.225833333333334,80.67208333333333,0.26916666666666667,28.9875,19.15666666666667,88.85416666666667,1010.975,65.6275,21.12264150943396
11,11,28.313333333333333,80.08,0.27666666666666667,28.340833333333332,18.495,93.19,1010.3050000000001,66.36083333333333,20.341509433962266
11,12,28.381666666666668,79.63641666666668,0.26999999999999996,27.584166666666665,17.73166666666667,91.865,1009.5833333333334,67.45166666666667,20.352830188679246
11,13,28.439166666666665,79.29675,0.20916666666666667,26.9725,17.00166666666667,87.56,1008.7166666666667,68.65249999999999,19.78679245283019
11,14,28.490000000000002,79.04275,0.213225,26.564166666666665,16.649166666666666,92.46916666666667,1008.025,69.31833333333334,19.513207547169813
11,15,28.521666666666665,78.98633333333333,0.2891666666666667,26.605833333333333,17.36,84.25166666666668,1007.9166666666666,70.60416666666667,20.48867924528302
11,16,28.498333333333335,79.34575,0.32166666666666666,27.36,18.1825,91.575,1008.0666666666667,72.1125,20.27547169811321
11,17,28.408333333333335,80.06441666666666,0.32083333333333336,27.94,18.745833333333334,90.60666666666665,1008.5083333333333,71.53333333333333,20.335849056603774
11,18,28.348333333333336,80.39133333333332,0.32916666666666666,27.998333333333335,17.805833333333332,84.23833333333333,1008.8833333333333,71.93416666666667,20.669811320754718
11,19,28.33,80.63783333333335,0.305,27.989166666666666,18.819166666666668,79.66833333333334,1009.5333333333333,70.68666666666667,20.501886792452833
11,20,28.270833333333332,80.91058333333334,0.31171666666666664,28.64,19.676666666666666,74.4625,1010.2408333333333,70.00416666666666,21.024528301886793
11,21,28.18,81.40316666666666,0.2841666666666667,28.8675,20.1675,81.01,1010.575,69.53833333333334,21.752830188679248
11,22,28.055833333333332,82.08925,0.27749999999999997,28.584166666666665,20.246666666666666,90.87666666666668,1010.5833333333334,68.3925,20.49811320754717
11,23,27.949166666666667,82.55958333333334,0.30083333333333334,28.31833333333333,20.138333333333332,86.40416666666667,1010.3291666666667,68.36166666666666,19.930188679245283
12,0,27.276612903225807,84.22290322580645,0.22016129032258064,28.362903225806452,19.288709677419355,105.33629032258065,1010.1854838709677,81.27016129032258,9.741935483870968
12,1,27.141935483870967,84.79483870967742,0.24919354838709679,28.164516129032258,19.26532258064516,105.90645161290323,1009.5,80.21048387096775,9.64516129032258
12,2,26.975,85.15080645161291,0.41479032258064513,28.134677419354837,19.25564516129032,103.45483870967742,1008.9903225806452,80.09354838709677,9.954838709677418
12,3,26.886290322580646,85.4816935483871,0.3709677419354839,28.791935483870965,19.240322580645163,109.43064516129031,1008.7258064516129,78.40483870967742,9.870967741935484
12,4,26.85,85.64419354838711,0.3338709677419355,28.863709677419354,19.258870967741935,112.79677419354839,1008.8145161290323,76.49274193548388,9.870967741935484
12,5,26.85,85.52701612903226,0.3540322580645161,28.873387096774195,19.541935483870965,111.1241935483871,1009.0629032258065,75.91693548387097,9.806451612903226
12,6,26.943548387096776,84.88330645161291,0.2370967741935484,29.12258064516129,18.037096774193547,93.39193548387097,1009.5645161290323,81.2491935483871,9.806451612903226
12,7,27.08467741935484,84.34282258064516,0.20483870967741938,30.41048387096774,18.937903225806455,103.79677419354839,1010.2903225806451,79.91693548387097,9.870967741935484
12,8,27.45725806451613,82.89717741935483,0.20969354838709678,31.270967741935483,19.77016129032258,61.894354838709674,1010.8419354838709,78.63064516129033,10.261290322580646
12,9,27.862903225806452,81.22282258064516,0.14596774193548387,31.47258064516129,20.671774193548387,59.895161290322584,1011.2741935483871,77.76532258064516,9.67741935483871
12,10,28.02016129032258,80.6083064516129,0.14838709677419354,31.481451612903225,20.53306451612903,60.42177419354839,1011.0806451612904,78.13064516129033,9.774193548387096
12,11,28.163709677419355,79.93395161290321,0.3435483870967742,31.508064516129032,20.136290322580646,57.49919354838709,1010.5524193548387,77.65483870967742,9.612903225806452
12,12,28.259677419354837,79.46612903225805,0.20887096774193548,30.904032258064515,19.585483870967742,58.395161290322584,1009.8306451612904,78.19032258064516,9.774193548387096
12,13,28.250806451612902,79.19379032258065,0.2725806451612903,30.4008064516129,19.233870967741936,62.60725806451613,1008.9274193548387,77.8532258064516,9.838709677419354
12,14,28.279838709677417,78.76322580645162,0.42262903225806453,29.842741935483872,19.0,63.95322580645161,1008.116935483871,79.48467741935484,10.187096774193549
12,15,28.322580645161292,78.64943548387097,0.21532258064516127,30.068548387096776,18.99758064516129,69.93306451612904,1007.991935483871,80.26612903225806,9.935483870967742
12,16,28.304032258064513,78.54145161290322,0.21370967741935484,29.951612903225808,19.36935483870968,59.833064516129035,1008.1290322580645,80.02016129032258,9.935483870967742
12,17,28.0991935483871,79.85822580645161,0.24838709677419354,29.934677419354838,19.919354838709676,53.59435483870968,1008.4588709677419,80.18145161290323,9.96774193548387
12,18,27.96693548387097,80.65201612903226,0.24193548387096775,29.221774193548388,18.786290322580644,63.93790322580645,1009.016129032258,80.96129032258065,10.0
12,19,27.873387096774195,81.31370967741935,0.22741935483870968,28.67258064516129,19.36209677419355,67.94596774193548,1009.6491935483871,80.29274193548386,9.935483870967742
12,20,27.746774193548386,81.79370967741936,0.25726612903225804,29.166129032258063,19.89516129032258,71.82661290322581,1010.1814516129032,80.1516129032258,10.122580645161289
12,21,27.643548387096775,82.12346774193549,0.22580645161290322,29.12983870967742,19.979032258064517,83.56451612903226,1010.5564516129032,79.83387096774193,9.951612903225806
12,22,27.538709677419355,82.6866935483871,0.2314516129032258,29.10241935483871,19.576612903225808,95.47741935483872,1010.5967741935484,79.33306451612903,9.96774193548387
12,23,27.421774193548387,83.20838709677419,0.3233870967741936,28.587903225806453,19.506451612903227,103.83790322580644,1010.3879032258066,80.35483870967742,9.903225806451612
